contact_gid,organization_gid,message_subject,message_date,role_in_message,interaction_type,summary,human_note
4a52af71-ae40-5fbc-b09f-02a6d4c9be71,79ef90eb-b1bc-547f-9121-003d2b620b71,,,sender,email,"{'topic': 'Запрос коммерческого предложения на амплификатор ДТ-прайм 5М1', 'product_interest': 'Амплификатор детектирующий ДТ-прайм 5М1', 'communication_stage': 'первичный запрос', 'request_type': 'запрос КП'}",
a3ac53de-6e12-5e5e-8cbc-2a8a1714c631,58a49494-b44e-5b2f-9263-0ce9005f10e3,,,recipient,email,"{'topic': 'Запрос коммерческого предложения на амплификатор ДТ-прайм 5М1', 'product_interest': 'Амплификатор детектирующий ДТ-прайм 5М1', 'communication_stage': 'первичный запрос', 'request_type': 'запрос КП'}",
f3bd4a96-aed9-500f-9bac-9688a2705b62,58a49494-b44e-5b2f-9263-0ce9005f10e3,,,cc,email,"{'topic': 'Запрос коммерческого предложения на амплификатор ДТ-прайм 5М1', 'product_interest': 'Амплификатор детектирующий ДТ-прайм 5М1', 'communication_stage': 'первичный запрос', 'request_type': 'запрос КП'}",
94eb1801-8daf-56c2-80b7-acfe0ef72e5d,9eafe350-6460-59f1-a7e5-12056b76f61d,,,mentioned,email,"{'topic': 'Запрос коммерческого предложения на амплификатор ДТ-прайм 5М1', 'product_interest': 'Амплификатор детектирующий ДТ-прайм 5М1', 'communication_stage': 'первичный запрос', 'request_type': 'запрос КП'}",
5dfa0842-df0d-5db7-bf05-5cd3b620f19f,58a49494-b44e-5b2f-9263-0ce9005f10e3,,,mentioned,email,"{'topic': 'Запрос коммерческого предложения на амплификатор ДТ-прайм 5М1', 'product_interest': 'Амплификатор детектирующий ДТ-прайм 5М1', 'communication_stage': 'первичный запрос', 'request_type': 'запрос КП'}",
f3e52acf-b242-54cd-8fb3-d3c0a1cebbbc,8977c8c4-1bbf-5db2-9988-c4703a2743b1,,,sender,email,"{'topic': 'Анкета участника акции «Новый прибор за новый Фемофлор»', 'product_interest': 'Оборудование для ПЦР-диагностики: амплификаторы 785BR23985 и CFX96 785B29464', 'communication_stage': 'подтверждение участия в акции', 'request_type': 'предоставление информации для участия в акции'}",
a3ac53de-6e12-5e5e-8cbc-2a8a1714c631,58a49494-b44e-5b2f-9263-0ce9005f10e3,,,recipient,email,"{'topic': 'Анкета участника акции «Новый прибор за новый Фемофлор»', 'product_interest': 'Оборудование для ПЦР-диагностики: амплификаторы 785BR23985 и CFX96 785B29464', 'communication_stage': 'подтверждение участия в акции', 'request_type': 'предоставление информации для участия в акции'}",
459251c8-e1af-5c99-a267-186d6f6fd001,58a49494-b44e-5b2f-9263-0ce9005f10e3,,,sender,email,"{'topic': 'Отправка акта приема-передачи оборудования и УПД', 'product_interest': 'Амплификатор детектирующий «ДТпрайм» модификации 5 М1', 'communication_stage': 'постпродажное сопровождение', 'request_type': 'подтверждение поставки'}",
473a85c2-01e2-5273-a507-15cbac38197c,941277e9-82a4-590a-ab3b-be08f9db30e9,,,mentioned,email,"{'topic': 'Отправка акта приема-передачи оборудования и УПД', 'product_interest': 'Амплификатор детектирующий «ДТпрайм» модификации 5 М1', 'communication_stage': 'постпродажное сопровождение', 'request_type': 'подтверждение поставки'}",
4d4c02ad-2504-5497-a237-bc41daed44b9,ac12ae29-7a6b-5c7b-858d-0c26108cfc88,,,mentioned,email,"{'topic': 'Отправка акта приема-передачи оборудования и УПД', 'product_interest': 'Амплификатор детектирующий «ДТпрайм» модификации 5 М1', 'communication_stage': 'постпродажное сопровождение', 'request_type': 'подтверждение поставки'}",
412aff50-8750-5c12-a99a-d6d2365f074a,79ef90eb-b1bc-547f-9121-003d2b620b71,,,requested_quote,email,"{'topic': 'Ответ на запрос КП по наборам для ПЦР', 'product_interest': 'Наборы для ПЦР по конечной точке: ВПЧ 16/18 высокого риска, ВПЧ 16/18 низкого риска, Герпес 1,2', 'communication_stage': 'отказ в предоставлении КП', 'request_type': 'информирование о снятии с производства'}",
a3ac53de-6e12-5e5e-8cbc-2a8a1714c631,58a49494-b44e-5b2f-9263-0ce9005f10e3,,,sender,email,"{'topic': 'Ответ на запрос КП по наборам для ПЦР', 'product_interest': 'Наборы для ПЦР по конечной точке: ВПЧ 16/18 высокого риска, ВПЧ 16/18 низкого риска, Герпес 1,2', 'communication_stage': 'отказ в предоставлении КП', 'request_type': 'информирование о снятии с производства'}",
fa907d19-d7a5-5243-9319-b0e649c84a7d,dc827ae5-f14c-5fa1-8397-e0c32aa5757a,,,sender,email,"{'topic': 'Обновление коммерческого предложения для поставки оборудования в ЦГИЭ Республики Хакасия', 'product_interest': 'ДТпрайм 5М6, ДТпрайм II6М6, ноутбук адаптированный', 'communication_stage': 'обсуждение условий и обновление коммерческого предложения', 'request_type': 'запрос на обновление КП с уточнением цены'}",
a3ac53de-6e12-5e5e-8cbc-2a8a1714c631,58a49494-b44e-5b2f-9263-0ce9005f10e3,,,recipient,email,"{'topic': 'Обновление коммерческого предложения для поставки оборудования в ЦГИЭ Республики Хакасия', 'product_interest': 'ДТпрайм 5М6, ДТпрайм II6М6, ноутбук адаптированный', 'communication_stage': 'обсуждение условий и обновление коммерческого предложения', 'request_type': 'запрос на обновление КП с уточнением цены'}",
aa275056-36e1-5d9a-b6ef-3803d33e353f,58a49494-b44e-5b2f-9263-0ce9005f10e3,,,cc,email,"{'topic': 'Обновление коммерческого предложения для поставки оборудования в ЦГИЭ Республики Хакасия', 'product_interest': 'ДТпрайм 5М6, ДТпрайм II6М6, ноутбук адаптированный', 'communication_stage': 'обсуждение условий и обновление коммерческого предложения', 'request_type': 'запрос на обновление КП с уточнением цены'}",
0c3a3bae-6975-5223-a507-65aaaf84c57d,58a49494-b44e-5b2f-9263-0ce9005f10e3,,,sender,email,"{'topic': 'Участие в конференции КДЛ в Новокузнецке 30-31 октября', 'product_interest': 'Оборудование ДТпрайм II, ДТспин, реагенты NTCM, Пр-МЧ рапид II', 'communication_stage': 'планирование участия и согласование условий', 'request_type': 'подтверждение получения информации и согласование лектора'}",
aa275056-36e1-5d9a-b6ef-3803d33e353f,58a49494-b44e-5b2f-9263-0ce9005f10e3,,,recipient,email,"{'topic': 'Участие в конференции КДЛ в Новокузнецке 30-31 октября', 'product_interest': 'Оборудование ДТпрайм II, ДТспин, реагенты NTCM, Пр-МЧ рапид II', 'communication_stage': 'планирование участия и согласование условий', 'request_type': 'подтверждение получения информации и согласование лектора'}",
91a05df8-2e76-561a-a129-1f4c8e0f820f,ef485f15-63ee-5569-bf4d-c62b0ab12067,,,sent_quote,email,"{'topic': 'Участие в конференции КДЛ в Новокузнецке 30-31 октября', 'product_interest': 'Оборудование ДТпрайм II, ДТспин, реагенты NTCM, Пр-МЧ рапид II', 'communication_stage': 'планирование участия и согласование условий', 'request_type': 'подтверждение получения информации и согласование лектора'}",
80babb01-6e19-54fd-a7d8-0eb4d1627900,58a49494-b44e-5b2f-9263-0ce9005f10e3,,,requested_quote,email,"{'topic': 'Участие в конференции КДЛ в Новокузнецке 30-31 октября', 'product_interest': 'Оборудование ДТпрайм II, ДТспин, реагенты NTCM, Пр-МЧ рапид II', 'communication_stage': 'планирование участия и согласование условий', 'request_type': 'подтверждение получения информации и согласование лектора'}",
99beee87-5212-5f7e-a9a6-5d1823fc4c71,58a49494-b44e-5b2f-9263-0ce9005f10e3,,,follow_up,email,"{'topic': 'Участие в конференции КДЛ в Новокузнецке 30-31 октября', 'product_interest': 'Оборудование ДТпрайм II, ДТспин, реагенты NTCM, Пр-МЧ рапид II', 'communication_stage': 'планирование участия и согласование условий', 'request_type': 'подтверждение получения информации и согласование лектора'}",
e5600cd6-8e38-5749-94fd-67787dc762e5,58a49494-b44e-5b2f-9263-0ce9005f10e3,,,sender,email,"{'topic': 'Запрос коммерческого предложения на амплификатор для вирусологической лаборатории', 'product_interest': 'Амплификатор на 6 каналов - 1 шт.', 'communication_stage': 'первичный запрос', 'request_type': 'запрос КП'}",
a3ac53de-6e12-5e5e-8cbc-2a8a1714c631,58a49494-b44e-5b2f-9263-0ce9005f10e3,,,recipient,email,"{'topic': 'Запрос коммерческого предложения на амплификатор для вирусологической лаборатории', 'product_interest': 'Амплификатор на 6 каналов - 1 шт.', 'communication_stage': 'первичный запрос', 'request_type': 'запрос КП'}",
49029d19-eace-5f84-bf62-de4edab46db9,25eab71a-64f5-5bdb-a3e6-0f9667ab4b3d,,,sender,email,"{'topic': 'Запрос коммерческого предложения на амплификатор для вирусологической лаборатории', 'product_interest': 'Амплификатор на 6 каналов - 1 шт.', 'communication_stage': 'первичный запрос', 'request_type': 'запрос КП'}",
a3ac53de-6e12-5e5e-8cbc-2a8a1714c631,58a49494-b44e-5b2f-9263-0ce9005f10e3,,,sender,email,"{'topic': 'Запрос коммерческого предложения на амплификатор для Центра гигиены и эпидемиологии в Республике Хакасия', 'product_interest': 'Амплификатор на 6 каналов - 1 шт.', 'communication_stage': 'первичный запрос КП', 'request_type': 'запрос КП'}",
e5600cd6-8e38-5749-94fd-67787dc762e5,58a49494-b44e-5b2f-9263-0ce9005f10e3,,,recipient,email,"{'topic': 'Запрос коммерческого предложения на амплификатор для Центра гигиены и эпидемиологии в Республике Хакасия', 'product_interest': 'Амплификатор на 6 каналов - 1 шт.', 'communication_stage': 'первичный запрос КП', 'request_type': 'запрос КП'}",
49029d19-eace-5f84-bf62-de4edab46db9,25eab71a-64f5-5bdb-a3e6-0f9667ab4b3d,,,requested_quote,email,"{'topic': 'Запрос коммерческого предложения на амплификатор для Центра гигиены и эпидемиологии в Республике Хакасия', 'product_interest': 'Амплификатор на 6 каналов - 1 шт.', 'communication_stage': 'первичный запрос КП', 'request_type': 'запрос КП'}",
