city,region,region_type,federal_district,capital_marker,population,timezone,geo_lat,geo_lon
Адыгейск,Адыгея,Респ,Южный,0,12689,UTC+3,44.878414,39.190289
Майкоп,Адыгея,Респ,Южный,2,144055,UTC+3,44.6098268,40.1006606
Горно-Алтайск,Алтай,Респ,Сибирский,2,62861,UTC+7,51.9581028,85.9603235
Алейск,Алтайский,край,Сибирский,0,28528,UTC+7,52.4922513,82.7793606
Барнаул,Алтайский,край,Сибирский,2,635585,UTC+7,53.3479968,83.7798064
Белокуриха,Алтайский,край,Сибирский,0,15072,UTC+7,51.996152,84.9839604
Бийск,Алтайский,край,Сибирский,0,203826,UTC+7,52.5393864,85.2138453
Горняк,Алтайский,край,Сибирский,1,13040,UTC+7,50.9979622,81.4643358
Заринск,Алтайский,край,Сибирский,0,47035,UTC+7,53.7063476,84.9315081
Змеиногорск,Алтайский,край,Сибирский,1,10569,UTC+7,51.1581094,82.1872547
Камень-на-Оби,Алтайский,край,Сибирский,1,41787,UTC+7,53.7913974,81.3545053
Новоалтайск,Алтайский,край,Сибирский,0,73134,UTC+7,53.4119759,83.9311069
Рубцовск,Алтайский,край,Сибирский,0,146386,UTC+7,51.5012067,81.2078695
Славгород,Алтайский,край,Сибирский,0,30370,UTC+7,52.999463,78.6459232
Яровое,Алтайский,край,Сибирский,0,18085,UTC+7,52.9252146,78.5729775
Белогорск,Амурская,обл,Дальневосточный,0,68220,UTC+9,50.9213415,128.4739471
Благовещенск,Амурская,обл,Дальневосточный,2,214397,UTC+9,50.290659,127.527198
Завитинск,Амурская,обл,Дальневосточный,1,11481,UTC+9,50.1064111,129.4391813
Зея,Амурская,обл,Дальневосточный,0,25042,UTC+9,53.7340088,127.265787
Райчихинск,Амурская,обл,Дальневосточный,0,20499,UTC+9,49.7941615,129.4112492
Свободный,Амурская,обл,Дальневосточный,0,58594,UTC+9,51.3614103,128.1219729
Сковородино,Амурская,обл,Дальневосточный,1,9561,UTC+9,53.9871095,123.9437205
Тында,Амурская,обл,Дальневосточный,0,35574,UTC+9,55.1546441,124.7468904
Циолковский,Амурская,обл,Дальневосточный,0,6208,UTC+9,51.762481,128.1219846
Шимановск,Амурская,обл,Дальневосточный,0,19815,UTC+9,52.0051886,127.7005458
Архангельск,Архангельская,обл,Северо-Западный,2,348716,UTC+3,64.5394289,40.5169606
Вельск,Архангельская,обл,Северо-Западный,1,23885,UTC+3,61.066,42.1032789
Каргополь,Архангельская,обл,Северо-Западный,1,10148,UTC+3,61.5009724,38.9636966
Коряжма,Архангельская,обл,Северо-Западный,0,39629,UTC+3,61.2885948,47.1003015
Котлас,Архангельская,обл,Северо-Западный,1,60562,UTC+3,61.2528972,46.633242
Мезень,Архангельская,обл,Северо-Западный,1,3599,UTC+3,65.8398078,44.2532273
Мирный,Архангельская,обл,Северо-Западный,0,30259,UTC+3,62.7645265,40.3360076
Новодвинск,Архангельская,обл,Северо-Западный,0,40612,UTC+3,64.4136851,40.8208143
Няндома,Архангельская,обл,Северо-Западный,1,22354,UTC+3,61.6654674,40.2062947
Онега,Архангельская,обл,Северо-Западный,1,21359,UTC+3,63.9162928,38.0805031
Северодвинск,Архангельская,обл,Северо-Западный,0,192265,UTC+3,64.5625385,39.8180934
Сольвычегодск,Архангельская,обл,Северо-Западный,0,2460,UTC+3,61.3319616,46.920441
Шенкурск,Архангельская,обл,Северо-Западный,1,5702,UTC+3,62.1057272,42.8996973
Астрахань,Астраханская,обл,Южный,2,520662,UTC+4,46.3655652,48.0559236
Ахтубинск,Астраханская,обл,Южный,1,41898,UTC+4,48.2752034,46.1906462
Знаменск,Астраханская,обл,Южный,0,29357,UTC+4,48.5866291,45.7368019
Камызяк,Астраханская,обл,Южный,1,16291,UTC+4,46.110579,48.07333
Нариманов,Астраханская,обл,Южный,1,11386,UTC+4,46.6916565,47.8502476
Харабали,Астраханская,обл,Южный,1,18209,UTC+4,47.408999,47.2525345
Агидель,Башкортостан,Респ,Приволжский,0,16365,UTC+5,55.8999056,53.9220144
Баймак,Башкортостан,Респ,Приволжский,1,17710,UTC+5,52.5912896,58.3110998
Белебей,Башкортостан,Респ,Приволжский,1,60183,UTC+5,54.1034582,54.1113129
Белорецк,Башкортостан,Респ,Приволжский,1,68804,UTC+5,53.9676488,58.4100419
Бирск,Башкортостан,Респ,Приволжский,1,41637,UTC+5,55.4155753,55.5582214
Благовещенск,Башкортостан,Респ,Приволжский,1,34246,UTC+5,55.0499867,55.9553186
Давлеканово,Башкортостан,Респ,Приволжский,1,24040,UTC+5,54.2226707,55.0312373
Дюртюли,Башкортостан,Респ,Приволжский,1,31272,UTC+5,55.4848318,54.8524765
Ишимбай,Башкортостан,Респ,Приволжский,1,66259,UTC+5,53.4545764,56.0438751
Кумертау,Башкортостан,Респ,Приволжский,0,62854,UTC+5,52.7564939,55.7970197
Межгорье,Башкортостан,Респ,Приволжский,0,17353,UTC+5,54.2397689,57.9614547
Мелеуз,Башкортостан,Респ,Приволжский,1,61408,UTC+5,52.9589532,55.9282838
Нефтекамск,Башкортостан,Респ,Приволжский,0,121757,UTC+5,56.088377,54.2483061
Октябрьский,Башкортостан,Респ,Приволжский,0,109379,UTC+5,54.4815311,53.4655972
Салават,Башкортостан,Респ,Приволжский,0,156085,UTC+5,53.3616974,55.9245224
Сибай,Башкортостан,Респ,Приволжский,0,62732,UTC+5,52.7204651,58.6663783
Стерлитамак,Башкортостан,Респ,Приволжский,1,273432,UTC+5,53.6300864,55.9317089
Туймазы,Башкортостан,Респ,Приволжский,1,66849,UTC+5,54.5999224,53.6950623
Уфа,Башкортостан,Респ,Приволжский,2,1062300,UTC+5,54.734944,55.9578468
Учалы,Башкортостан,Респ,Приволжский,1,37771,UTC+5,54.3067375,59.4125461
Янаул,Башкортостан,Респ,Приволжский,1,26988,UTC+5,56.2650146,54.929907
Алексеевка,Белгородская,обл,Центральный,1,39026,UTC+3,50.6299647,38.6880342
Белгород,Белгородская,обл,Центральный,2,356426,UTC+3,50.5976472,36.5856652
Бирюч,Белгородская,обл,Центральный,1,7842,UTC+3,50.6484585,38.4005083
Валуйки,Белгородская,обл,Центральный,1,35322,UTC+3,50.2111207,38.0998772
Грайворон,Белгородская,обл,Центральный,1,6234,UTC+3,50.4862958,35.6663877
Губкин,Белгородская,обл,Центральный,1,88562,UTC+3,51.2837123,37.5347759
Короча,Белгородская,обл,Центральный,1,5877,UTC+3,50.8129041,37.1896436
Новый Оскол,Белгородская,обл,Центральный,1,19530,UTC+3,50.7633747,37.8775484
Старый Оскол,Белгородская,обл,Центральный,1,221163,UTC+3,51.2967101,37.8350182
Строитель,Белгородская,обл,Центральный,1,23933,UTC+3,50.7845099,36.4887648
Шебекино,Белгородская,обл,Центральный,1,44277,UTC+3,50.4004883,36.8877889
Брянск,Брянская,обл,Центральный,2,415640,UTC+3,53.2419535,34.3652146
Дятьково,Брянская,обл,Центральный,1,29438,UTC+3,53.5958178,34.3551812
Жуковка,Брянская,обл,Центральный,1,18269,UTC+3,53.5340397,33.7302579
Злынка,Брянская,обл,Центральный,1,5507,UTC+3,52.4267015,31.7360399
Карачев,Брянская,обл,Центральный,1,19715,UTC+3,53.1296524,34.9888727
Клинцы,Брянская,обл,Центральный,0,62510,UTC+3,52.7529119,32.233911
Мглин,Брянская,обл,Центральный,1,7916,UTC+3,53.0599771,32.8468129
Новозыбков,Брянская,обл,Центральный,0,40552,UTC+3,52.537173,31.9357991
Почеп,Брянская,обл,Центральный,1,17933,UTC+3,52.9154851,33.4744058
Севск,Брянская,обл,Центральный,1,7282,UTC+3,52.1483358,34.4918415
Сельцо,Брянская,обл,Центральный,0,17933,UTC+3,53.3739884,34.1059172
Стародуб,Брянская,обл,Центральный,1,19010,UTC+3,52.5852257,32.760403
Сураж,Брянская,обл,Центральный,1,11640,UTC+3,53.0170888,32.3938878
Трубчевск,Брянская,обл,Центральный,1,15014,UTC+3,52.5791734,33.7660547
Унеча,Брянская,обл,Центральный,1,26196,UTC+3,52.8461199,32.6757629
Фокино,Брянская,обл,Центральный,0,13874,UTC+3,53.4554145,34.4159238
Бабушкин,Бурятия,Респ,Дальневосточный,0,4542,UTC+8,51.7112755,105.8673219
Гусиноозерск,Бурятия,Респ,Дальневосточный,1,23280,UTC+8,51.2865048,106.5230319
Закаменск,Бурятия,Респ,Дальневосточный,1,11249,UTC+8,50.372713,103.286699
Кяхта,Бурятия,Респ,Дальневосточный,1,20013,UTC+8,50.346543,106.4533516
Северобайкальск,Бурятия,Респ,Дальневосточный,0,23673,UTC+8,55.635614,109.3361505
Улан-Удэ,Бурятия,Респ,Дальневосточный,2,431922,UTC+8,51.8335853,107.5842223
Александров,Владимирская,обл,Центральный,1,61544,UTC+3,56.391819,38.7111123
Владимир,Владимирская,обл,Центральный,2,348256,UTC+3,56.1280804,40.4084376
Вязники,Владимирская,обл,Центральный,1,41252,UTC+3,56.29773,42.2687398
Гороховец,Владимирская,обл,Центральный,1,14015,UTC+3,56.2021036,42.6926111
Гусь-Хрустальный,Владимирская,обл,Центральный,0,60773,UTC+3,55.6198751,40.6579929
Камешково,Владимирская,обл,Центральный,1,13113,UTC+3,56.3490152,40.9955183
Карабаново,Владимирская,обл,Центральный,0,14868,UTC+3,56.3131822,38.7034257
Киржач,Владимирская,обл,Центральный,1,30044,UTC+3,56.1486863,38.8635701
Ковров,Владимирская,обл,Центральный,0,145492,UTC+3,56.3554349,41.3170576
Кольчугино,Владимирская,обл,Центральный,1,45804,UTC+3,56.3327254,39.391336
Костерево,Владимирская,обл,Центральный,0,9136,UTC+3,55.9337222,39.6247398
Курлово,Владимирская,обл,Центральный,0,6791,UTC+3,55.452698,40.6124108
Лакинск,Владимирская,обл,Центральный,0,15707,UTC+3,56.0180587,39.956551
Меленки,Владимирская,обл,Центральный,1,15208,UTC+3,55.3387515,41.6340046
Муром,Владимирская,обл,Центральный,0,116078,UTC+3,55.5630311,42.0231362
Петушки,Владимирская,обл,Центральный,1,15167,UTC+3,55.9298134,39.4508075
Покров,Владимирская,обл,Центральный,0,17762,UTC+3,55.9166398,39.1734526
Радужный,Владимирская,обл,Центральный,0,18212,UTC+3,55.9960277,40.3321855
Собинка,Владимирская,обл,Центральный,1,19482,UTC+3,55.9939169,40.0179653
Струнино,Владимирская,обл,Центральный,0,14372,UTC+3,56.3749967,38.5839667
Судогда,Владимирская,обл,Центральный,1,11848,UTC+3,55.9498056,40.8562939
Суздаль,Владимирская,обл,Центральный,1,10535,UTC+3,56.4274441,40.4525692
Юрьев-Польский,Владимирская,обл,Центральный,1,19588,UTC+3,56.4937757,39.6680539
Волгоград,Волгоградская,обл,Южный,2,1021244,UTC+3,48.7070042,44.5170339
Волжский,Волгоградская,обл,Южный,0,314436,UTC+3,48.7978209,44.7462538
Дубовка,Волгоградская,обл,Южный,1,14345,UTC+3,49.0554742,44.8270085
Жирновск,Волгоградская,обл,Южный,1,16890,UTC+3,50.9768814,44.7858202
Калач-на-Дону,Волгоградская,обл,Южный,1,26892,UTC+3,48.6889024,43.5306303
Камышин,Волгоградская,обл,Южный,0,119924,UTC+3,50.0651529,45.3844202
Котельниково,Волгоградская,обл,Южный,1,20441,UTC+3,47.6310259,43.1330872
Котово,Волгоградская,обл,Южный,1,24104,UTC+3,50.3205766,44.8030699
Краснослободск,Волгоградская,обл,Южный,0,16007,UTC+3,48.7068721,44.5630857
Ленинск,Волгоградская,обл,Южный,1,15527,UTC+3,48.6936061,45.1992692
Михайловка,Волгоградская,обл,Южный,0,59153,UTC+3,50.0708719,43.2401512
Николаевск,Волгоградская,обл,Южный,1,15081,UTC+3,50.0165306,45.4731658
Новоаннинский,Волгоградская,обл,Южный,1,17911,UTC+3,50.5296067,42.6666439
Палласовка,Волгоградская,обл,Южный,1,15984,UTC+3,50.0500944,46.8804277
Петров Вал,Волгоградская,обл,Южный,0,13264,UTC+3,50.1380557,45.20914
Серафимович,Волгоградская,обл,Южный,1,9368,UTC+3,49.5663183,42.7360402
Суровикино,Волгоградская,обл,Южный,1,20527,UTC+3,48.618917,42.8541163
Урюпинск,Волгоградская,обл,Южный,0,41594,UTC+3,50.7903789,42.0288513
Фролово,Волгоградская,обл,Южный,0,39489,UTC+3,49.7649148,43.6648641
Бабаево,Вологодская,обл,Северо-Западный,1,12074,UTC+3,59.3892583,35.9377058
Белозерск,Вологодская,обл,Северо-Западный,1,9614,UTC+3,60.0308381,37.7890586
Великий Устюг,Вологодская,обл,Северо-Западный,1,31664,UTC+3,60.7603913,46.3054414
Вологда,Вологодская,обл,Северо-Западный,2,301642,UTC+3,59.2483905,39.8355662
Вытегра,Вологодская,обл,Северо-Западный,1,10490,UTC+3,61.0063465,36.4495137
Грязовец,Вологодская,обл,Северо-Западный,1,15528,UTC+3,58.8757553,40.2485362
Кадников,Вологодская,обл,Северо-Западный,0,4797,UTC+3,59.5037764,40.3441148
Кириллов,Вологодская,обл,Северо-Западный,1,7735,UTC+3,59.8591523,38.3748782
Красавино,Вологодская,обл,Северо-Западный,0,7003,UTC+3,60.9612823,46.4814116
Никольск,Вологодская,обл,Северо-Западный,1,8515,UTC+3,59.5351837,45.4576137
Сокол,Вологодская,обл,Северо-Западный,1,38454,UTC+3,59.4758605,40.1114187
Тотьма,Вологодская,обл,Северо-Западный,1,9784,UTC+3,59.9734998,42.7589506
Устюжна,Вологодская,обл,Северо-Западный,1,9478,UTC+3,58.8383117,36.4425478
Харовск,Вологодская,обл,Северо-Западный,1,10078,UTC+3,59.9479423,40.2000298
Череповец,Вологодская,обл,Северо-Западный,0,312311,UTC+3,59.1269212,37.9090497
Бобров,Воронежская,обл,Центральный,1,19738,UTC+3,51.0901649,40.0318256
Богучар,Воронежская,обл,Центральный,1,11811,UTC+3,49.9352454,40.5590801
Борисоглебск,Воронежская,обл,Центральный,1,65585,UTC+3,51.3655754,42.1008334
Бутурлиновка,Воронежская,обл,Центральный,1,27208,UTC+3,50.8311818,40.5976923
Воронеж,Воронежская,обл,Центральный,2,889680,UTC+3,51.6593332,39.1969229
Калач,Воронежская,обл,Центральный,1,20046,UTC+3,50.4242134,41.0162014
Лиски,Воронежская,обл,Центральный,1,55864,UTC+3,50.9945626,39.5184909
Нововоронеж,Воронежская,обл,Центральный,0,32635,UTC+3,51.3091524,39.2162843
Новохоперск,Воронежская,обл,Центральный,1,6849,UTC+3,51.0952211,41.6173404
Острогожск,Воронежская,обл,Центральный,1,33842,UTC+3,50.8677905,39.0407746
Павловск,Воронежская,обл,Центральный,1,25126,UTC+3,50.453455,40.136874
Поворино,Воронежская,обл,Центральный,1,17692,UTC+3,51.1954419,42.2472726
Россошь,Воронежская,обл,Центральный,1,62865,UTC+3,50.1701949,39.6226965
Семилуки,Воронежская,обл,Центральный,1,26025,UTC+3,51.6951644,39.0190454
Эртиль,Воронежская,обл,Центральный,1,11387,UTC+3,51.830932,40.8074182
Буйнакск,Дагестан,Респ,Северо-Кавказский,0,65735,UTC+3,42.8214424,47.1165263
Дагестанские Огни,Дагестан,Респ,Северо-Кавказский,0,30671,UTC+3,42.1152296,48.1939354
Дербент,Дагестан,Респ,Северо-Кавказский,0,119961,UTC+3,42.058966,48.2907452
Избербаш,Дагестан,Респ,Северо-Кавказский,0,56301,UTC+3,42.5650962,47.8710051
Каспийск,Дагестан,Респ,Северо-Кавказский,0,103914,UTC+3,42.8916007,47.6367066
Кизилюрт,Дагестан,Респ,Северо-Кавказский,0,36187,UTC+3,43.203825,46.8729636
Кизляр,Дагестан,Респ,Северо-Кавказский,0,49169,UTC+3,43.8484083,46.7233699
Махачкала,Дагестан,Респ,Северо-Кавказский,2,577990,UTC+3,42.9849159,47.5047181
Хасавюрт,Дагестан,Респ,Северо-Кавказский,0,133929,UTC+3,43.2504665,46.5851292
Южно-Сухокумск,Дагестан,Респ,Северо-Кавказский,0,10048,UTC+3,44.6602467,45.6499523
Биробиджан,Еврейская,Аобл,Дальневосточный,2,75419,UTC+10,48.7946446,132.9217207
Облучье,Еврейская,Аобл,Дальневосточный,1,9379,UTC+10,49.0189345,131.0540102
Балей,Забайкальский,край,Дальневосточный,1,12536,UTC+9,51.5823759,116.6379549
Борзя,Забайкальский,край,Дальневосточный,1,31376,UTC+9,50.3876058,116.5234779
Краснокаменск,Забайкальский,край,Дальневосточный,1,55668,UTC+9,50.0929703,118.0323936
Могоча,Забайкальский,край,Дальневосточный,1,13228,UTC+9,53.7361398,119.7660867
Нерчинск,Забайкальский,край,Дальневосточный,1,14976,UTC+9,51.9594977,116.5852383
Петровск-Забайкальский,Забайкальский,край,Дальневосточный,1,18555,UTC+9,51.2748592,108.846681
Сретенск,Забайкальский,край,Дальневосточный,1,6850,UTC+9,52.2461454,117.7117842
Хилок,Забайкальский,край,Дальневосточный,1,11530,UTC+9,51.3634856,110.4590898
Чита,Забайкальский,край,Дальневосточный,2,323964,UTC+9,52.0340142,113.4994
Шилка,Забайкальский,край,Дальневосточный,1,13947,UTC+9,51.8497035,116.0334461
Вичуга,Ивановская,обл,Центральный,1,37609,UTC+3,57.2044698,41.9132201
Гаврилов Посад,Ивановская,обл,Центральный,1,6434,UTC+3,56.5586946,40.1228906
Заволжск,Ивановская,обл,Центральный,1,12045,UTC+3,57.4918141,42.1375625
Иваново,Ивановская,обл,Центральный,2,409277,UTC+3,56.9993792,40.9728272
Кинешма,Ивановская,обл,Центральный,0,88113,UTC+3,57.4425463,42.168914
Комсомольск,Ивановская,обл,Центральный,1,8693,UTC+3,57.0273052,40.3776851
Кохма,Ивановская,обл,Центральный,1,29408,UTC+3,56.9324606,41.0931657
Наволоки,Ивановская,обл,Центральный,0,10207,UTC+3,57.4679066,41.9608002
Плес,Ивановская,обл,Центральный,0,2341,UTC+3,57.4606031,41.5122672
Приволжск,Ивановская,обл,Центральный,1,16749,UTC+3,57.3805743,41.2808565
Пучеж,Ивановская,обл,Центральный,1,8583,UTC+3,56.9820688,43.1683321
Родники,Ивановская,обл,Центральный,1,26318,UTC+3,57.1025975,41.7298834
Тейково,Ивановская,обл,Центральный,1,34993,UTC+3,56.8542719,40.5353874
Фурманов,Ивановская,обл,Центральный,1,36149,UTC+3,57.2539276,41.1054432
Шуя,Ивановская,обл,Центральный,1,58528,UTC+3,56.8560234,41.3800939
Южа,Ивановская,обл,Центральный,1,14170,UTC+3,56.5926877,42.0458099
Юрьевец,Ивановская,обл,Центральный,1,10205,UTC+3,57.3177781,43.1110401
Карабулак,Ингушетия,Респ,Северо-Кавказский,0,31081,UTC+3,43.3055248,44.9094582
Магас,Ингушетия,Респ,Северо-Кавказский,2,2505,UTC+3,43.1688611,44.8131207
Малгобек,Ингушетия,Респ,Северо-Кавказский,0,31076,UTC+3,43.5096646,44.5901963
Назрань,Ингушетия,Респ,Северо-Кавказский,1,93357,UTC+3,43.2257841,44.7645779
Сунжа,Ингушетия,Респ,Северо-Кавказский,1,64493,UTC+3,43.3204196,45.0476331
Алзамай,Иркутская,обл,Сибирский,0,6751,UTC+8,55.5551233,98.6643699
Ангарск,Иркутская,обл,Сибирский,0,233765,UTC+8,52.544879,103.888543
Байкальск,Иркутская,обл,Сибирский,0,13589,UTC+8,51.5230393,104.1487532
Бирюсинск,Иркутская,обл,Сибирский,0,8981,UTC+8,55.9609167,97.8205348
Бодайбо,Иркутская,обл,Сибирский,0,15331,UTC+8,57.8468636,114.1866287
Братск,Иркутская,обл,Сибирский,0,246348,UTC+8,56.1513108,101.6340035
Вихоревка,Иркутская,обл,Сибирский,0,22528,UTC+8,56.1208145,101.1702926
Железногорск-Илимский,Иркутская,обл,Сибирский,1,26134,UTC+8,56.5847888,104.114275
Зима,Иркутская,обл,Сибирский,0,32522,UTC+8,53.920693,102.0491772
Иркутск,Иркутская,обл,Сибирский,2,587225,UTC+8,52.2864036,104.2807466
Киренск,Иркутская,обл,Сибирский,1,12652,UTC+8,57.7756595,108.1109412
Нижнеудинск,Иркутская,обл,Сибирский,0,37056,UTC+8,54.8968931,99.0314056
Саянск,Иркутская,обл,Сибирский,0,40786,UTC+8,54.1107238,102.18015
Свирск,Иркутская,обл,Сибирский,0,13649,UTC+8,53.0842668,103.3364093
Слюдянка,Иркутская,обл,Сибирский,1,18542,UTC+8,51.6563983,103.7187545
Тайшет,Иркутская,обл,Сибирский,0,35481,UTC+8,55.9405334,98.0030145
Тулун,Иркутская,обл,Сибирский,0,44603,UTC+8,54.557162,100.5780603
Усолье-Сибирское,Иркутская,обл,Сибирский,0,83364,UTC+8,52.7565808,103.6388109
Усть-Илимск,Иркутская,обл,Сибирский,0,86591,UTC+8,57.9430504,102.7415734
Усть-Кут,Иркутская,обл,Сибирский,0,45061,UTC+8,56.7928178,105.7757343
Черемхово,Иркутская,обл,Сибирский,0,52650,UTC+8,53.1369095,103.0901268
Шелехов,Иркутская,обл,Сибирский,0,47960,UTC+8,52.2102538,104.0973294
Баксан,Кабардино-Балкарская,Респ,Северо-Кавказский,1,36857,UTC+3,43.6819137,43.5345036
Майский,Кабардино-Балкарская,Респ,Северо-Кавказский,1,26755,UTC+3,43.6281516,44.0517314
Нальчик,Кабардино-Балкарская,Респ,Северо-Кавказский,2,240095,UTC+3,43.4845464,43.60713
Нарткала,Кабардино-Балкарская,Респ,Северо-Кавказский,1,31679,UTC+3,43.5578075,43.8575925
Прохладный,Кабардино-Балкарская,Респ,Северо-Кавказский,0,59595,UTC+3,43.7589602,44.0102409
Терек,Кабардино-Балкарская,Респ,Северо-Кавказский,1,19170,UTC+3,43.4839358,44.1402161
Тырныауз,Кабардино-Балкарская,Респ,Северо-Кавказский,1,21000,UTC+3,43.3981585,42.9213582
Чегем,Кабардино-Балкарская,Респ,Северо-Кавказский,1,17988,UTC+3,43.5671525,43.5865792
Багратионовск,Калининградская,обл,Северо-Западный,1,6399,UTC+2,54.3866518,20.6418091
Балтийск,Калининградская,обл,Северо-Западный,1,32670,UTC+2,54.6513372,19.9140572
Гвардейск,Калининградская,обл,Северо-Западный,1,13888,UTC+2,54.6588378,21.0501388
Гурьевск,Калининградская,обл,Северо-Западный,1,12433,UTC+2,54.770638,20.6039767
Гусев,Калининградская,обл,Северо-Западный,1,28260,UTC+2,54.5915455,22.1942445
Зеленоградск,Калининградская,обл,Северо-Западный,1,13015,UTC+2,54.9600185,20.4753652
Калининград,Калининградская,обл,Северо-Западный,2,431491,UTC+2,54.7074702,20.5073241
Краснознаменск,Калининградская,обл,Северо-Западный,1,3522,UTC+2,54.9453423,22.4928745
Ладушкин,Калининградская,обл,Северо-Западный,0,3788,UTC+2,54.5692156,20.1690153
Мамоново,Калининградская,обл,Северо-Западный,0,7757,UTC+2,54.4646036,19.9453482
Неман,Калининградская,обл,Северо-Западный,1,11794,UTC+2,55.0316524,22.0324064
Нестеров,Калининградская,обл,Северо-Западный,1,4584,UTC+2,54.6313814,22.5713736
Озерск,Калининградская,обл,Северо-Западный,1,4740,UTC+2,54.4084705,22.0134438
Пионерский,Калининградская,обл,Северо-Западный,0,11017,UTC+2,54.9516574,20.2277424
Полесск,Калининградская,обл,Северо-Западный,1,7580,UTC+2,54.8625126,21.0998067
Правдинск,Калининградская,обл,Северо-Западный,1,4323,UTC+2,54.4430986,21.0085269
Приморск,Калининградская,обл,Северо-Западный,0,1956,UTC+2,54.7311437,19.9981926
Светлогорск,Калининградская,обл,Северо-Западный,1,10775,UTC+2,54.9439286,20.1514295
Светлый,Калининградская,обл,Северо-Западный,0,21380,UTC+2,54.6772897,20.1357595
Славск,Калининградская,обл,Северо-Западный,1,4614,UTC+2,55.0449714,21.6742367
Советск,Калининградская,обл,Северо-Западный,0,41709,UTC+2,55.0809336,21.8886106
Черняховск,Калининградская,обл,Северо-Западный,1,40464,UTC+2,54.6244751,21.7969062
Городовиковск,Калмыкия,Респ,Южный,1,9565,UTC+3,46.0875083,41.935537
Лагань,Калмыкия,Респ,Южный,1,14323,UTC+3,45.3930912,47.3432602
Элиста,Калмыкия,Респ,Южный,2,103728,UTC+3,46.3083344,44.2702088
Балабаново,Калужская,обл,Центральный,0,26337,UTC+3,55.1773714,36.6566951
Белоусово,Калужская,обл,Центральный,0,8432,UTC+3,55.0956803,36.677629
Боровск,Калужская,обл,Центральный,1,12283,UTC+3,55.2130096,36.4926251
Ермолино,Калужская,обл,Центральный,0,10409,UTC+3,55.1971758,36.5952722
Жиздра,Калужская,обл,Центральный,1,5585,UTC+3,53.7521926,34.7386592
Жуков,Калужская,обл,Центральный,1,12150,UTC+3,55.0301833,36.7394903
Калуга,Калужская,обл,Центральный,2,325185,UTC+3,54.5059848,36.2516245
Киров,Калужская,обл,Центральный,1,31888,UTC+3,54.0790111,34.3076201
Козельск,Калужская,обл,Центральный,1,18203,UTC+3,54.0347201,35.780768
Кондрово,Калужская,обл,Центральный,1,16672,UTC+3,54.7959473,35.9274842
Кременки,Калужская,обл,Центральный,0,11617,UTC+3,54.8862447,37.1168701
Людиново,Калужская,обл,Центральный,1,40550,UTC+3,53.8700828,34.4385915
Малоярославец,Калужская,обл,Центральный,1,30401,UTC+3,55.0177123,36.4633603
Медынь,Калужская,обл,Центральный,1,8298,UTC+3,54.9689785,35.8872168
Мещовск,Калужская,обл,Центральный,1,4101,UTC+3,54.3191471,35.2816918
Мосальск,Калужская,обл,Центральный,1,4285,UTC+3,54.4824939,34.9872239
Обнинск,Калужская,обл,Центральный,0,104798,UTC+3,55.0943144,36.6121639
Сосенский,Калужская,обл,Центральный,0,12394,UTC+3,54.0566016,35.9621646
Спас-Деменск,Калужская,обл,Центральный,1,4904,UTC+3,54.409922,34.0189631
Сухиничи,Калужская,обл,Центральный,1,16295,UTC+3,54.097296,35.3443568
Таруса,Калужская,обл,Центральный,0,9656,UTC+3,54.7236477,37.1671
Юхнов,Калужская,обл,Центральный,1,7056,UTC+3,54.7446445,35.2424346
Вилючинск,Камчатский,край,Дальневосточный,0,22905,UTC+12,52.9302415,158.4057632
Елизово,Камчатский,край,Дальневосточный,1,39548,UTC+12,53.1830375,158.3883548
Петропавловск-Камчатский,Камчатский,край,Дальневосточный,2,179526,UTC+12,53.036908,158.6559254
Карачаевск,Карачаево-Черкесская,Респ,Северо-Кавказский,1,23848,UTC+3,43.7732525,41.9143472
Теберда,Карачаево-Черкесская,Респ,Северо-Кавказский,0,9097,UTC+3,43.4437731,41.7415142
Усть-Джегута,Карачаево-Черкесская,Респ,Северо-Кавказский,1,30602,UTC+3,44.0838442,41.9711046
Черкесск,Карачаево-Черкесская,Респ,Северо-Кавказский,2,121439,UTC+3,44.2269425,42.0466704
Беломорск,Карелия,Респ,Северо-Западный,1,11217,UTC+3,64.5378417,34.7799462
Кемь,Карелия,Респ,Северо-Западный,0,13061,UTC+3,64.9543539,34.5949263
Кондопога,Карелия,Респ,Северо-Западный,1,32978,UTC+3,62.2059817,34.2682122
Костомукша,Карелия,Респ,Северо-Западный,0,28433,UTC+3,64.5889398,30.6016832
Лахденпохья,Карелия,Респ,Северо-Западный,1,7818,UTC+3,61.518881,30.1996116
Медвежьегорск,Карелия,Респ,Северо-Западный,1,15536,UTC+3,62.9127626,34.4568489
Олонец,Карелия,Респ,Северо-Западный,1,9060,UTC+3,60.9794025,32.9725519
Петрозаводск,Карелия,Респ,Северо-Западный,2,263540,UTC+3,61.7891264,34.3596434
Питкяранта,Карелия,Респ,Северо-Западный,1,11484,UTC+3,61.5757191,31.4640557
Пудож,Карелия,Респ,Северо-Западный,1,9698,UTC+3,61.8058821,36.5329941
Сегежа,Карелия,Респ,Северо-Западный,1,29660,UTC+3,63.7437572,34.3126982
Сортавала,Карелия,Респ,Северо-Западный,0,19215,UTC+3,61.703367,30.6916998
Суоярви,Карелия,Респ,Северо-Западный,1,9763,UTC+3,62.0787293,32.3499386
Анжеро-Судженск,Кемеровская область - Кузбасс,обл,Сибирский,0,76669,UTC+7,56.0786281,86.0201278
Белово,Кемеровская область - Кузбасс,обл,Сибирский,0,76752,UTC+7,54.4220968,86.3037373
Березовский,Кемеровская область - Кузбасс,обл,Сибирский,0,47292,UTC+7,55.6693513,86.2744459
Гурьевск,Кемеровская область - Кузбасс,обл,Сибирский,1,24816,UTC+7,54.2859263,85.9475985
Калтан,Кемеровская область - Кузбасс,обл,Сибирский,0,21893,UTC+7,53.5210919,87.2771636
Кемерово,Кемеровская область - Кузбасс,обл,Сибирский,2,532884,UTC+7,55.3910651,86.0467781
Киселевск,Кемеровская область - Кузбасс,обл,Сибирский,0,98382,UTC+7,54.0059999,86.6366116
Ленинск-Кузнецкий,Кемеровская область - Кузбасс,обл,Сибирский,0,101666,UTC+7,54.6674492,86.1797324
Мариинск,Кемеровская область - Кузбасс,обл,Сибирский,1,40522,UTC+7,56.2127383,87.7454924
Междуреченск,Кемеровская область - Кузбасс,обл,Сибирский,0,101995,UTC+7,53.6865289,88.0702754
Мыски,Кемеровская область - Кузбасс,обл,Сибирский,0,43029,UTC+7,53.7125695,87.8055646
Новокузнецк,Кемеровская область - Кузбасс,обл,Сибирский,0,547885,UTC+7,53.794315,87.2142745
Осинники,Кемеровская область - Кузбасс,обл,Сибирский,0,45997,UTC+7,53.5988055,87.3371272
Полысаево,Кемеровская область - Кузбасс,обл,Сибирский,0,27624,UTC+7,54.6055,86.2809208
Прокопьевск,Кемеровская область - Кузбасс,обл,Сибирский,0,210150,UTC+7,53.8604265,86.7183577
Салаир,Кемеровская область - Кузбасс,обл,Сибирский,0,8263,UTC+7,54.2351735,85.8030733
Тайга,Кемеровская область - Кузбасс,обл,Сибирский,0,25330,UTC+7,56.0622131,85.6207182
Таштагол,Кемеровская область - Кузбасс,обл,Сибирский,1,23114,UTC+7,52.759313,87.8476546
Топки,Кемеровская область - Кузбасс,обл,Сибирский,1,28642,UTC+7,55.2764707,85.6152619
Юрга,Кемеровская область - Кузбасс,обл,Сибирский,0,81536,UTC+7,55.7202694,84.8886399
Белая Холуница,Кировская,обл,Приволжский,1,11232,UTC+3,58.8415239,50.8460699
Вятские Поляны,Кировская,обл,Приволжский,1,35159,UTC+3,56.2284817,51.0614855
Зуевка,Кировская,обл,Приволжский,1,11198,UTC+3,58.4032152,51.1331606
Киров,Кировская,обл,Приволжский,2,473668,UTC+3,58.6035264,49.6679304
Кирово-Чепецк,Кировская,обл,Приволжский,1,80920,UTC+3,58.5559424,50.0316848
Кирс,Кировская,обл,Приволжский,1,10420,UTC+3,59.340056,52.2414437
Котельнич,Кировская,обл,Приволжский,1,24979,UTC+3,58.3034832,48.3475597
Луза,Кировская,обл,Приволжский,1,11262,UTC+3,60.6290609,47.2612445
Малмыж,Кировская,обл,Приволжский,1,8265,UTC+3,56.5243844,50.6782739
Мураши,Кировская,обл,Приволжский,1,6752,UTC+3,59.3955383,48.9638417
Нолинск,Кировская,обл,Приволжский,1,9556,UTC+3,57.5597284,49.93575
Омутнинск,Кировская,обл,Приволжский,1,23618,UTC+3,58.6698913,52.1894564
Орлов,Кировская,обл,Приволжский,1,6959,UTC+3,58.5389776,48.8927723
Слободской,Кировская,обл,Приволжский,1,33983,UTC+3,58.7311574,50.1669249
Советск,Кировская,обл,Приволжский,1,16592,UTC+3,57.584196,48.9590272
Сосновка,Кировская,обл,Приволжский,0,11960,UTC+3,56.2532741,51.2833642
Уржум,Кировская,обл,Приволжский,1,10213,UTC+3,57.1097477,50.0058097
Яранск,Кировская,обл,Приволжский,1,17252,UTC+3,57.3040326,47.8478737
Воркута,Коми,Респ,Северо-Западный,0,70551,UTC+3,67.4974082,64.061034
Вуктыл,Коми,Респ,Северо-Западный,0,12357,UTC+3,63.8615274,57.3165402
Емва,Коми,Респ,Северо-Западный,1,14574,UTC+3,62.5965137,50.8732125
Инта,Коми,Респ,Северо-Западный,0,32021,UTC+3,66.0367316,60.1152961
Микунь,Коми,Респ,Северо-Западный,0,10732,UTC+3,62.3579068,50.0719503
Печора,Коми,Респ,Северо-Западный,0,43458,UTC+3,65.148584,57.2239777
Сосногорск,Коми,Респ,Северо-Западный,0,27809,UTC+3,63.5989841,53.876293
Сыктывкар,Коми,Респ,Северо-Западный,2,235006,UTC+3,61.6686617,50.8358151
Усинск,Коми,Респ,Северо-Западный,0,41100,UTC+3,65.994147,57.5569423
Ухта,Коми,Респ,Северо-Западный,0,99642,UTC+3,63.5565514,53.7014239
Буй,Костромская,обл,Центральный,1,25763,UTC+3,58.4733277,41.5306822
Волгореченск,Костромская,обл,Центральный,0,17108,UTC+3,57.4424559,41.1594201
Галич,Костромская,обл,Центральный,1,17346,UTC+3,58.3828191,42.3654013
Кологрив,Костромская,обл,Центральный,1,3314,UTC+3,58.8269323,44.3184927
Кострома,Костромская,обл,Центральный,2,268617,UTC+3,57.768,40.927
Макарьев,Костромская,обл,Центральный,1,7114,UTC+3,57.8807152,43.8014197
Мантурово,Костромская,обл,Центральный,1,17479,UTC+3,58.3265441,44.757494
Нерехта,Костромская,обл,Центральный,1,22817,UTC+3,57.4543369,40.5723598
Нея,Костромская,обл,Центральный,1,9827,UTC+3,58.2943349,43.8780948
Солигалич,Костромская,обл,Центральный,1,6438,UTC+3,59.0784867,42.2878423
Чухлома,Костромская,обл,Центральный,1,5209,UTC+3,58.753421,42.6884958
Шарья,Костромская,обл,Центральный,1,23668,UTC+3,58.3760542,45.4062414
Абинск,Краснодарский,край,Южный,1,34926,UTC+3,44.8679655,38.1618157
Анапа,Краснодарский,край,Южный,1,58983,UTC+3,44.8950433,37.3163282
Апшеронск,Краснодарский,край,Южный,1,40229,UTC+3,44.4584006,39.7299824
Армавир,Краснодарский,край,Южный,0,188897,UTC+3,45.0012149,41.1324168
Белореченск,Краснодарский,край,Южный,1,53891,UTC+3,44.7651876,39.8781494
Геленджик,Краснодарский,край,Южный,0,54813,UTC+3,44.5630007,38.0790852
Горячий Ключ,Краснодарский,край,Южный,0,30093,UTC+3,44.6344864,39.1354738
Гулькевичи,Краснодарский,край,Южный,1,35225,UTC+3,45.3605121,40.6918389
Ейск,Краснодарский,край,Южный,1,87771,UTC+3,46.71157,38.2763895
Кореновск,Краснодарский,край,Южный,1,41179,UTC+3,45.4641703,39.458949
Краснодар,Краснодарский,край,Южный,2,744933,UTC+3,45.0401604,38.9759647
Кропоткин,Краснодарский,край,Южный,0,80743,UTC+3,45.4333007,40.5727951
Крымск,Краснодарский,край,Южный,1,57370,UTC+3,44.9344404,37.9855795
Курганинск,Краснодарский,край,Южный,1,47974,UTC+3,44.8877025,40.5913245
Лабинск,Краснодарский,край,Южный,1,62822,UTC+3,44.6354363,40.7245341
Новокубанск,Краснодарский,край,Южный,1,34847,UTC+3,45.1038699,41.0475175
Новороссийск,Краснодарский,край,Южный,0,241788,UTC+3,44.7235026,37.7686135
Приморско-Ахтарск,Краснодарский,край,Южный,1,32253,UTC+3,46.0515432,38.1704875
Славянск-на-Кубани,Краснодарский,край,Южный,1,63768,UTC+3,45.2603626,38.1259774
Сочи,Краснодарский,край,Южный,0,343285,UTC+3,43.5854551,39.7231548
Темрюк,Краснодарский,край,Южный,1,38014,UTC+3,45.2610949,37.4454412
Тимашевск,Краснодарский,край,Южный,1,53921,UTC+3,45.615923,38.9351837
Тихорецк,Краснодарский,край,Южный,1,61825,UTC+3,45.8546345,40.1260267
Туапсе,Краснодарский,край,Южный,1,63233,UTC+3,44.1105335,39.0824904
Усть-Лабинск,Краснодарский,край,Южный,1,43268,UTC+3,45.2227359,39.6929577
Хадыженск,Краснодарский,край,Южный,0,21580,UTC+3,44.4122963,39.5320258
Артемовск,Красноярский,край,Сибирский,0,2180,UTC+7,54.3473075,93.4358377
Ачинск,Красноярский,край,Сибирский,0,109156,UTC+7,56.253907,90.4794397
Боготол,Красноярский,край,Сибирский,0,21029,UTC+7,56.2098468,89.5299336
Бородино,Красноярский,край,Сибирский,0,17423,UTC+7,55.9054121,94.9020967
Дивногорск,Красноярский,край,Сибирский,0,28271,UTC+7,55.9576784,92.3800687
Дудинка,Красноярский,край,Сибирский,1,22207,UTC+7,69.4031364,86.1907218
Енисейск,Красноярский,край,Сибирский,0,18769,UTC+7,58.4485261,92.1651083
Железногорск,Красноярский,край,Сибирский,0,85559,UTC+7,56.2529035,93.532273
Заозерный,Красноярский,край,Сибирский,0,10683,UTC+7,55.9617752,94.7091491
Зеленогорск,Красноярский,край,Сибирский,0,66018,UTC+7,56.1131564,94.5888103
Игарка,Красноярский,край,Сибирский,0,6183,UTC+7,67.4666901,86.5812794
Иланский,Красноярский,край,Сибирский,1,16108,UTC+7,56.2374037,96.067267
Канск,Красноярский,край,Сибирский,0,94230,UTC+7,56.2051282,95.7051096
Кодинск,Красноярский,край,Сибирский,1,14835,UTC+7,58.6032644,99.1797962
Красноярск,Красноярский,край,Сибирский,2,973826,UTC+7,56.0093879,92.8524806
Лесосибирск,Красноярский,край,Сибирский,0,61146,UTC+7,58.221681,92.5037872
Минусинск,Красноярский,край,Сибирский,0,71171,UTC+7,53.7104586,91.6872907
Назарово,Красноярский,край,Сибирский,0,52829,UTC+7,56.0113799,90.4168775
Норильск,Красноярский,край,Сибирский,0,175301,UTC+7,69.3489978,88.2009846
Сосновоборск,Красноярский,край,Сибирский,0,33090,UTC+7,56.1202647,93.3354121
Ужур,Красноярский,край,Сибирский,1,16079,UTC+7,55.3141969,89.8333918
Уяр,Красноярский,край,Сибирский,1,12666,UTC+7,55.8131263,94.3282601
Шарыпово,Красноярский,край,Сибирский,0,38570,UTC+7,55.5389739,89.1801044
Ялта,Крым,Респ,Южный,0,7771,UTC+3,44.4164605,34.0444797
Алушта,Крым,Респ,Южный,0,29078,UTC+3,44.6764304,34.4100624
Армянск,Крым,Респ,Южный,0,21987,UTC+3,46.1059307,33.6910012
Бахчисарай,Крым,Респ,Южный,0,27448,UTC+3,44.7514769,33.8752176
Белогорск,Крым,Респ,Южный,0,16354,UTC+3,45.057202,34.5999029
Джанкой,Крым,Респ,Южный,0,38622,UTC+3,45.7092306,34.3883372
Евпатория,Крым,Респ,Южный,0,105719,UTC+3,45.190629,33.367634
Керчь,Крым,Респ,Южный,0,147033,UTC+3,45.3562627,36.4674513
Красноперекопск,Крым,Респ,Южный,0,26268,UTC+3,45.9537576,33.7921939
Саки,Крым,Респ,Южный,0,25146,UTC+3,45.1341997,33.6033383
Симферополь,Крым,Респ,Южный,0,332317,UTC+3,44.9482948,34.1001151
Старый Крым,Крым,Респ,Южный,0,9277,UTC+3,45.029058,35.0901474
Судак,Крым,Респ,Южный,0,16492,UTC+3,44.8504679,34.9762034
Феодосия,Крым,Респ,Южный,0,69038,UTC+3,45.0318393,35.3824259
Щелкино,Крым,Респ,Южный,0,10620,UTC+3,45.4288991,35.825165
Ялта,Крым,Респ,Южный,0,76746,UTC+3,44.4953612,34.166308
Далматово,Курганская,обл,Уральский,1,13913,UTC+5,56.262114,62.9387011
Катайск,Курганская,обл,Уральский,1,14017,UTC+5,56.290809,62.5800359
Курган,Курганская,обл,Уральский,2,333640,UTC+5,55.4443883,65.3161963
Куртамыш,Курганская,обл,Уральский,1,17098,UTC+5,54.9368539,64.4203722
Макушино,Курганская,обл,Уральский,1,8337,UTC+5,55.2153947,67.2451705
Петухово,Курганская,обл,Уральский,1,11291,UTC+5,55.0650077,67.8873408
Шадринск,Курганская,обл,Уральский,0,77744,UTC+5,56.0870344,63.6297182
Шумиха,Курганская,обл,Уральский,1,17821,UTC+5,55.2280246,63.2901272
Щучье,Курганская,обл,Уральский,1,10971,UTC+5,55.2087637,62.7478548
Дмитриев,Курская,обл,Центральный,0,7721,UTC+3,52.1268464,35.0739038
Железногорск,Курская,обл,Центральный,1,95057,UTC+3,52.3380202,35.3516867
Курск,Курская,обл,Центральный,2,414595,UTC+3,51.7303637,36.1925603
Курчатов,Курская,обл,Центральный,1,42691,UTC+3,51.6604083,35.6572224
Льгов,Курская,обл,Центральный,1,21452,UTC+3,51.6597148,35.2612491
Обоянь,Курская,обл,Центральный,1,13562,UTC+3,51.2119324,36.2755133
Рыльск,Курская,обл,Центральный,1,15667,UTC+3,51.5681314,34.6802597
Суджа,Курская,обл,Центральный,1,6036,UTC+3,51.1918927,35.2720915
Фатеж,Курская,обл,Центральный,1,5404,UTC+3,52.0917728,35.8538706
Щигры,Курская,обл,Центральный,1,17043,UTC+3,51.8786014,36.8910945
Бокситогорск,Ленинградская,обл,Северо-Западный,1,16593,UTC+3,59.4734797,33.845688
Волосово,Ленинградская,обл,Северо-Западный,1,12162,UTC+3,59.4445408,29.4923355
Волхов,Ленинградская,обл,Северо-Западный,1,47344,UTC+3,59.9005958,32.3520756
Всеволожск,Ленинградская,обл,Северо-Западный,1,59689,UTC+3,60.0191278,30.6456718
Выборг,Ленинградская,обл,Северо-Западный,1,80013,UTC+3,60.7130801,28.7328336
Высоцк,Ленинградская,обл,Северо-Западный,0,1244,UTC+3,60.6296236,28.5709314
Гатчина,Ленинградская,обл,Северо-Западный,1,92566,UTC+3,59.565237,30.1282473
Ивангород,Ленинградская,обл,Северо-Западный,0,9797,UTC+3,59.3766119,28.2231659
Каменногорск,Ленинградская,обл,Северо-Западный,0,6761,UTC+3,60.950855,29.1308372
Кингисепп,Ленинградская,обл,Северо-Западный,1,48667,UTC+3,59.3740435,28.6112444
Кириши,Ленинградская,обл,Северо-Западный,1,52826,UTC+3,59.4742862,32.0624947
Кировск,Ленинградская,обл,Северо-Западный,1,25633,UTC+3,59.8754216,30.981364
Коммунар,Ленинградская,обл,Северо-Западный,0,20265,UTC+3,59.6215133,30.3934125
Кудрово,Ленинградская,обл,Северо-Западный,0,13501,UTC+3,59.9075226,30.5121008
Лодейное Поле,Ленинградская,обл,Северо-Западный,1,21053,UTC+3,60.7320936,33.5521022
Луга,Ленинградская,обл,Северо-Западный,1,36409,UTC+3,58.7374031,29.8465776
Любань,Ленинградская,обл,Северо-Западный,0,4188,UTC+3,59.3493847,31.2484801
Мурино,Ленинградская,обл,Северо-Западный,0,19775,UTC+3,60.044862,30.4571456
Никольское,Ленинградская,обл,Северо-Западный,0,19345,UTC+3,59.7043309,30.7874571
Новая Ладога,Ленинградская,обл,Северо-Западный,0,8890,UTC+3,60.1100135,32.3141203
Отрадное,Ленинградская,обл,Северо-Западный,0,23874,UTC+3,59.7726848,30.7988557
Пикалево,Ленинградская,обл,Северо-Западный,0,21567,UTC+3,59.5132022,34.1772776
Подпорожье,Ленинградская,обл,Северо-Западный,1,18729,UTC+3,60.9127549,34.1567664
Приморск,Ленинградская,обл,Северо-Западный,0,6122,UTC+3,60.3660209,28.6135772
Приозерск,Ленинградская,обл,Северо-Западный,1,18929,UTC+3,61.0330896,30.1587851
Светогорск,Ленинградская,обл,Северо-Западный,0,15973,UTC+3,61.1111282,28.8725865
Сертолово,Ленинградская,обл,Северо-Западный,0,47854,UTC+3,60.1446932,30.2095918
Сланцы,Ленинградская,обл,Северо-Западный,1,33587,UTC+3,59.1178185,28.0881475
Сосновый Бор,Ленинградская,обл,Северо-Западный,0,65901,UTC+3,59.8772884,29.1291619
Сясьстрой,Ленинградская,обл,Северо-Западный,0,13747,UTC+3,60.1401739,32.5601559
Тихвин,Ленинградская,обл,Северо-Западный,1,58843,UTC+3,59.6272904,33.5072731
Тосно,Ленинградская,обл,Северо-Западный,1,39127,UTC+3,59.5407098,30.877812
Шлиссельбург,Ленинградская,обл,Северо-Западный,0,13305,UTC+3,59.9443714,31.0333365
Грязи,Липецкая,обл,Центральный,1,46798,UTC+3,52.4874097,39.9331142
Данков,Липецкая,обл,Центральный,1,21056,UTC+3,53.2577411,39.1456184
Елец,Липецкая,обл,Центральный,0,108404,UTC+3,52.6152411,38.5289342
Задонск,Липецкая,обл,Центральный,1,9695,UTC+3,52.4004179,38.9205032
Лебедянь,Липецкая,обл,Центральный,1,20991,UTC+3,53.0156117,39.143536
Липецк,Липецкая,обл,Центральный,2,508124,UTC+3,52.610249,39.5947883
Усмань,Липецкая,обл,Центральный,1,18752,UTC+3,52.0442648,39.726401
Чаплыгин,Липецкая,обл,Центральный,1,12656,UTC+3,53.24048,39.9670973
Магадан,Магаданская,обл,Дальневосточный,2,95925,UTC+11,59.5681332,150.8084956
Сусуман,Магаданская,обл,Дальневосточный,1,5865,UTC+11,62.7805882,148.1540281
Волжск,Марий Эл,Респ,Приволжский,0,55671,UTC+3,55.8623156,48.3715083
Звенигово,Марий Эл,Респ,Приволжский,1,11945,UTC+3,55.9738571,48.0170245
Йошкар-Ола,Марий Эл,Респ,Приволжский,2,248688,UTC+3,56.6343662,47.8999706
Козьмодемьянск,Марий Эл,Респ,Приволжский,0,21262,UTC+3,56.3334036,46.546675
Ардатов,Мордовия,Респ,Приволжский,1,9400,UTC+3,54.8465544,46.2411232
Инсар,Мордовия,Респ,Приволжский,1,8687,UTC+3,53.8770022,44.3696566
Ковылкино,Мордовия,Респ,Приволжский,1,21307,UTC+3,54.0391072,43.9191539
Краснослободск,Мордовия,Респ,Приволжский,1,10151,UTC+3,54.4248207,43.7845011
Рузаевка,Мордовия,Респ,Приволжский,1,47529,UTC+3,54.0581967,44.9490466
Саранск,Мордовия,Респ,Приволжский,2,318841,UTC+3,54.1809332,45.1862632
Темников,Мордовия,Респ,Приволжский,1,7247,UTC+3,54.6310583,43.2161099
,Москва,г,Центральный,0,11514330,UTC+3,55.7540471,37.620405
Апрелевка,Московская,обл,Центральный,0,18467,UTC+3,55.5276918,37.065143
Балашиха,Московская,обл,Центральный,0,215353,UTC+3,55.796389,37.938283
Белоозёрский,Московская,обл,Центральный,0,17842,UTC+3,55.4595766,38.4389742
Бронницы,Московская,обл,Центральный,0,21102,UTC+3,55.4255379,38.264145
Верея,Московская,обл,Центральный,0,5368,UTC+3,55.343369,36.185694
Видное,Московская,обл,Центральный,1,56798,UTC+3,55.551725,37.7061984
Волоколамск,Московская,обл,Центральный,1,23386,UTC+3,56.0356499,35.9585112
,Московская,обл,Центральный,0,91301,UTC+3,55.3071519,38.7027953
Высоковск,Московская,обл,Центральный,0,10642,UTC+3,56.3359513,36.5251837
Голицыно,Московская,обл,Центральный,0,17447,UTC+3,55.6190582,36.9856793
Дедовск,Московская,обл,Центральный,0,29280,UTC+3,55.8703276,37.1245043
Дзержинский,Московская,обл,Центральный,0,47125,UTC+3,55.6240869,37.8440276
,Московская,обл,Центральный,0,61454,UTC+3,56.3477457,37.526672
Долгопрудный,Московская,обл,Центральный,0,90976,UTC+3,55.9385999,37.5101021
Домодедово,Московская,обл,Центральный,0,96123,UTC+3,55.4363283,37.7664984
Дрезна,Московская,обл,Центральный,0,11815,UTC+3,55.7443143,38.8498479
Дубна,Московская,обл,Центральный,0,70569,UTC+3,56.741786,37.1757223
Егорьевск,Московская,обл,Центральный,0,70133,UTC+3,55.3830113,39.0358317
Жуковский,Московская,обл,Центральный,0,102729,UTC+3,55.599803,38.1224298
Зарайск,Московская,обл,Центральный,1,24648,UTC+3,54.762456,38.8850978
Звенигород,Московская,обл,Центральный,0,16395,UTC+3,55.7297089,36.8554029
Ивантеевка,Московская,обл,Центральный,0,58594,UTC+3,55.9741665,37.9207539
,Московская,обл,Центральный,0,35106,UTC+3,55.9062267,36.8601454
Кашира,Московская,обл,Центральный,0,41880,UTC+3,54.853337,38.1904392
,Московская,обл,Центральный,0,80584,UTC+3,56.3425605,36.7240032
Коломна,Московская,обл,Центральный,0,144642,UTC+3,55.102814,38.7531002
Королёв,Московская,обл,Центральный,0,183452,UTC+3,55.9161773,37.8545415
Котельники,Московская,обл,Центральный,0,32347,UTC+3,55.6597925,37.8631156
Красноармейск,Московская,обл,Центральный,0,26294,UTC+3,56.105426,38.140838
Красногорск,Московская,обл,Центральный,1,116738,UTC+3,55.8317203,37.3295266
Краснозаводск,Московская,обл,Центральный,0,13432,UTC+3,56.4409979,38.2320307
Краснознаменск,Московская,обл,Центральный,0,36057,UTC+3,55.5978959,37.0393709
Кубинка,Московская,обл,Центральный,0,22918,UTC+3,55.5754955,36.6951995
Куровское,Московская,обл,Центральный,0,21821,UTC+3,55.5792277,38.9207723
Ликино-Дулёво,Московская,обл,Центральный,0,31331,UTC+3,55.7078257,38.9578093
Лобня,Московская,обл,Центральный,0,74350,UTC+3,56.0328881,37.4614035
Лосино-Петровский,Московская,обл,Центральный,0,22550,UTC+3,55.8713214,38.200599
Луховицы,Московская,обл,Центральный,1,29849,UTC+3,54.9652077,39.0260266
Лыткарино,Московская,обл,Центральный,0,55147,UTC+3,55.5778163,37.9033507
Люберцы,Московская,обл,Центральный,1,171978,UTC+3,55.676499,37.898125
Можайск,Московская,обл,Центральный,1,31388,UTC+3,55.5069259,36.024043
Мытищи,Московская,обл,Центральный,0,173341,UTC+3,55.9105782,37.7363579
,Московская,обл,Центральный,0,64640,UTC+3,55.386185,36.734484
,Московская,обл,Центральный,0,99762,UTC+3,55.8686133,38.4622104
,Московская,обл,Центральный,0,139021,UTC+3,55.6789455,37.263686
Озёры,Московская,обл,Центральный,0,25788,UTC+3,54.8541006,38.5599196
,Московская,обл,Центральный,0,120620,UTC+3,55.8151421,38.9869822
Павловский Посад,Московская,обл,Центральный,1,63771,UTC+3,55.7807244,38.6596983
Пересвет,Московская,обл,Центральный,0,14142,UTC+3,56.4158326,38.1733534
Подольск,Московская,обл,Центральный,0,187956,UTC+3,55.4389322,37.5703482
Протвино,Московская,обл,Центральный,0,37308,UTC+3,54.8705984,37.2182749
Пушкино,Московская,обл,Центральный,1,102840,UTC+3,56.0103638,37.8471403
Пущино,Московская,обл,Центральный,0,20263,UTC+3,54.8324412,37.6210346
Раменское,Московская,обл,Центральный,1,96355,UTC+3,55.5495132,38.2728914
Реутов,Московская,обл,Центральный,0,87195,UTC+3,55.7582621,37.8618553
Рошаль,Московская,обл,Центральный,0,21265,UTC+3,55.6632776,39.8656147
Руза,Московская,обл,Центральный,1,13495,UTC+3,55.7014744,36.1959206
,Московская,обл,Центральный,0,110878,UTC+3,56.3062548,38.1502661
Серпухов,Московская,обл,Центральный,0,126496,UTC+3,54.9226466,37.4033859
Солнечногорск,Московская,обл,Центральный,1,52996,UTC+3,56.185102,36.977631
Старая Купавна,Московская,обл,Центральный,0,21859,UTC+3,55.810648,38.175624
Ступино,Московская,обл,Центральный,1,66942,UTC+3,54.886274,38.078228
Талдом,Московская,обл,Центральный,1,13819,UTC+3,56.7308564,37.5276003
Фрязино,Московская,обл,Центральный,0,55449,UTC+3,55.9590588,38.0410235
Химки,Московская,обл,Центральный,0,207125,UTC+3,55.888657,37.4303702
Хотьково,Московская,обл,Центральный,0,21612,UTC+3,56.2516982,37.9396017
Черноголовка,Московская,обл,Центральный,0,20986,UTC+3,56.010005,38.379245
Чехов,Московская,обл,Центральный,1,60677,UTC+3,55.1508011,37.4533252
,Московская,обл,Центральный,0,32836,UTC+3,55.5777427,39.5445712
Щёлково,Московская,обл,Центральный,1,110380,UTC+3,55.9233801,37.9783707
Электрогорск,Московская,обл,Центральный,0,22120,UTC+3,55.8780241,38.7806752
Электросталь,Московская,обл,Центральный,0,155324,UTC+3,55.7847291,38.4447045
Электроугли,Московская,обл,Центральный,0,20120,UTC+3,55.7170877,38.2192563
Яхрома,Московская,обл,Центральный,0,13248,UTC+3,56.2890516,37.4831799
Апатиты,Мурманская,обл,Северо-Западный,0,59690,UTC+3,67.5677761,33.4067929
Гаджиево,Мурманская,обл,Северо-Западный,0,11089,UTC+3,69.2491311,33.315341
Заозерск,Мурманская,обл,Северо-Западный,0,11206,UTC+3,69.4003584,32.4501496
Заполярный,Мурманская,обл,Северо-Западный,0,15835,UTC+3,69.4132852,30.7984312
Кандалакша,Мурманская,обл,Северо-Западный,1,35659,UTC+3,67.1567974,32.4143218
Кировск,Мурманская,обл,Северо-Западный,0,28659,UTC+3,67.6150424,33.663735
Ковдор,Мурманская,обл,Северо-Западный,1,18836,UTC+3,67.5661417,30.4741941
Кола,Мурманская,обл,Северо-Западный,1,10447,UTC+3,68.8786028,33.0262299
Мончегорск,Мурманская,обл,Северо-Западный,0,45381,UTC+3,67.9386153,32.9359719
Мурманск,Мурманская,обл,Северо-Западный,2,307664,UTC+3,69.007721,33.0685865
Оленегорск,Мурманская,обл,Северо-Западный,0,23079,UTC+3,68.1422058,33.2669407
Островной,Мурманская,обл,Северо-Западный,0,2177,UTC+3,68.0510344,39.5077846
Полярные Зори,Мурманская,обл,Северо-Западный,0,15106,UTC+3,67.373084,32.4975636
Полярный,Мурманская,обл,Северо-Западный,0,17304,UTC+3,69.1989583,33.4508591
Североморск,Мурманская,обл,Северо-Западный,0,50076,UTC+3,69.0766801,33.4177759
Снежногорск,Мурманская,обл,Северо-Западный,0,12698,UTC+3,69.1921409,33.2383502
Нарьян-Мар,Ненецкий,АО,Северо-Западный,2,21296,UTC+3,67.6379672,53.0069565
Арзамас,Нижегородская,обл,Приволжский,0,106367,UTC+3,55.3945814,43.8408141
Балахна,Нижегородская,обл,Приволжский,1,51526,UTC+3,56.495036,43.5758423
Богородск,Нижегородская,обл,Приволжский,1,25497,UTC+3,56.1020828,43.5135442
Бор,Нижегородская,обл,Приволжский,0,78079,UTC+3,56.3565458,44.0646481
Ветлуга,Нижегородская,обл,Приволжский,1,8956,UTC+3,57.8559204,45.7761957
Володарск,Нижегородская,обл,Приволжский,1,9924,UTC+3,56.2169751,43.1596417
Ворсма,Нижегородская,обл,Приволжский,0,11622,UTC+3,55.989943,43.2718859
Выкса,Нижегородская,обл,Приволжский,1,56196,UTC+3,55.3207727,42.1678834
Горбатов,Нижегородская,обл,Приволжский,0,2278,UTC+3,56.1307769,43.0626185
Городец,Нижегородская,обл,Приволжский,1,30699,UTC+3,56.6449218,43.4723104
Дзержинск,Нижегородская,обл,Приволжский,0,240762,UTC+3,56.2376047,43.4599416
Заволжье,Нижегородская,обл,Приволжский,0,40265,UTC+3,56.6404286,43.3872492
Княгинино,Нижегородская,обл,Приволжский,1,6708,UTC+3,55.8205915,45.032337
Кстово,Нижегородская,обл,Приволжский,1,66641,UTC+3,56.1432084,44.1664198
Кулебаки,Нижегородская,обл,Приволжский,1,35762,UTC+3,55.4296181,42.5125538
Лукоянов,Нижегородская,обл,Приволжский,1,14949,UTC+3,55.0326225,44.4933807
Лысково,Нижегородская,обл,Приволжский,1,21882,UTC+3,56.0262359,45.035771
Навашино,Нижегородская,обл,Приволжский,1,16413,UTC+3,55.543811,42.1887089
Нижний Новгород,Нижегородская,обл,Приволжский,2,1250615,UTC+3,56.3240627,44.0053913
Павлово,Нижегородская,обл,Приволжский,1,60699,UTC+3,55.9797564,43.0995042
Первомайск,Нижегородская,обл,Приволжский,0,14567,UTC+3,54.8675792,43.8013992
Перевоз,Нижегородская,обл,Приволжский,1,9201,UTC+3,55.5967718,44.5448369
Саров,Нижегородская,обл,Приволжский,0,92073,UTC+3,54.9228268,43.3448089
Семенов,Нижегородская,обл,Приволжский,0,24472,UTC+3,56.7889794,44.4902885
Сергач,Нижегородская,обл,Приволжский,1,21387,UTC+3,55.5201515,45.4813231
Урень,Нижегородская,обл,Приволжский,1,12311,UTC+3,57.4612572,45.7833293
Чкаловск,Нижегородская,обл,Приволжский,1,12371,UTC+3,56.7651262,43.242077
Шахунья,Нижегородская,обл,Приволжский,0,21337,UTC+3,57.6764293,46.6129009
Боровичи,Новгородская,обл,Северо-Западный,1,54731,UTC+3,58.3840197,33.9175929
Валдай,Новгородская,обл,Северо-Западный,1,16099,UTC+3,57.9823766,33.2369436
Великий Новгород,Новгородская,обл,Северо-Западный,2,218724,UTC+3,58.5213846,31.2755394
Малая Вишера,Новгородская,обл,Северо-Западный,1,12461,UTC+3,58.8458379,32.2247401
Окуловка,Новгородская,обл,Северо-Западный,1,12464,UTC+3,58.3910296,33.2901557
Пестово,Новгородская,обл,Северо-Западный,1,15911,UTC+3,58.5973723,35.8143898
Сольцы,Новгородская,обл,Северо-Западный,1,10317,UTC+3,58.1201281,30.309351
Старая Русса,Новгородская,обл,Северо-Западный,1,32235,UTC+3,57.990737,31.3554897
Холм,Новгородская,обл,Северо-Западный,1,3829,UTC+3,57.145108,31.1787499
Чудово,Новгородская,обл,Северо-Западный,1,16148,UTC+3,59.1248394,31.6866241
Барабинск,Новосибирская,обл,Сибирский,0,30250,UTC+7,55.35146,78.3464506
Бердск,Новосибирская,обл,Сибирский,0,98809,UTC+7,54.7582156,83.1070605
Болотное,Новосибирская,обл,Сибирский,1,16969,UTC+7,55.6692421,84.3906889
Искитим,Новосибирская,обл,Сибирский,0,60072,UTC+7,54.6267603,83.2951244
Карасук,Новосибирская,обл,Сибирский,1,28929,UTC+7,53.7343189,78.0422967
Каргат,Новосибирская,обл,Сибирский,1,10620,UTC+7,55.1945666,80.2829495
Куйбышев,Новосибирская,обл,Сибирский,0,47278,UTC+7,55.4685094,78.3242048
Купино,Новосибирская,обл,Сибирский,1,15448,UTC+7,54.366055,77.2973368
Новосибирск,Новосибирская,обл,Сибирский,2,1498921,UTC+7,55.028191,82.9211489
Обь,Новосибирская,обл,Сибирский,0,26137,UTC+7,54.9945576,82.6937181
Татарск,Новосибирская,обл,Сибирский,0,26114,UTC+7,55.2146167,75.9739914
Тогучин,Новосибирская,обл,Сибирский,1,21531,UTC+7,55.2251631,84.4104118
Черепаново,Новосибирская,обл,Сибирский,1,19346,UTC+7,54.2206476,83.3724521
Чулым,Новосибирская,обл,Сибирский,1,11964,UTC+7,55.0906867,80.9592508
Исилькуль,Омская,обл,Сибирский,1,25905,UTC+6,54.9096002,71.2816284
Калачинск,Омская,обл,Сибирский,1,24000,UTC+6,55.0598155,74.5653644
Называевск,Омская,обл,Сибирский,1,12119,UTC+6,55.5689323,71.3503426
Омск,Омская,обл,Сибирский,2,1154000,UTC+6,54.9848566,73.3674517
Тара,Омская,обл,Сибирский,1,26664,UTC+6,56.9160511,74.3649194
Тюкалинск,Омская,обл,Сибирский,1,12050,UTC+6,55.8703415,72.1954747
Абдулино,Оренбургская,обл,Приволжский,1,20663,UTC+5,53.6778906,53.6472483
Бугуруслан,Оренбургская,обл,Приволжский,0,52249,UTC+5,53.6523728,52.4326853
Бузулук,Оренбургская,обл,Приволжский,0,82816,UTC+5,52.7881277,52.2624877
Гай,Оренбургская,обл,Приволжский,0,38302,UTC+5,51.4649189,58.4436875
Кувандык,Оренбургская,обл,Приволжский,0,26176,UTC+5,51.4783857,57.3612636
Медногорск,Оренбургская,обл,Приволжский,0,27253,UTC+5,51.4037617,57.583163
Новотроицк,Оренбургская,обл,Приволжский,0,97914,UTC+5,51.1964202,58.3018192
Оренбург,Оренбургская,обл,Приволжский,2,570329,UTC+5,51.7875092,55.1018828
Орск,Оренбургская,обл,Приволжский,0,238006,UTC+5,51.2294282,58.4752777
Соль-Илецк,Оренбургская,обл,Приволжский,1,26308,UTC+5,51.1633736,54.9896726
Сорочинск,Оренбургская,обл,Приволжский,0,30136,UTC+5,52.426685,53.1542745
Ясный,Оренбургская,обл,Приволжский,1,16082,UTC+5,51.036838,59.874344
Болхов,Орловская,обл,Центральный,1,11421,UTC+3,53.4438496,36.0076833
Дмитровск,Орловская,обл,Центральный,1,5956,UTC+3,52.5054851,35.1415009
Ливны,Орловская,обл,Центральный,0,50430,UTC+3,52.4284558,37.6039506
Малоархангельск,Орловская,обл,Центральный,1,3872,UTC+3,52.4002192,36.5038579
Мценск,Орловская,обл,Центральный,0,43216,UTC+3,53.2788438,36.5749105
Новосиль,Орловская,обл,Центральный,1,3799,UTC+3,52.97454,37.0437146
Орёл,Орловская,обл,Центральный,2,317854,UTC+3,52.9671298,36.0696427
Белинский,Пензенская,обл,Приволжский,1,8567,UTC+3,52.9640996,43.4183212
Городище,Пензенская,обл,Приволжский,1,8102,UTC+3,53.2726916,45.7026142
Заречный,Пензенская,обл,Приволжский,0,63579,UTC+3,53.1960836,45.1689907
Каменка,Пензенская,обл,Приволжский,1,39579,UTC+3,53.1855463,44.0469717
Кузнецк,Пензенская,обл,Приволжский,1,88886,UTC+3,53.1130888,46.605092
Нижний Ломов,Пензенская,обл,Приволжский,1,22678,UTC+3,53.5300905,43.6730217
Никольск,Пензенская,обл,Приволжский,1,22471,UTC+3,53.7137496,46.0799857
Пенза,Пензенская,обл,Приволжский,2,519592,UTC+3,53.1753314,45.0348625
Сердобск,Пензенская,обл,Приволжский,1,35393,UTC+3,52.4697595,44.2122414
Спасск,Пензенская,обл,Приволжский,1,7442,UTC+3,53.9271974,43.1859073
Сурск,Пензенская,обл,Приволжский,0,7032,UTC+3,53.0761357,45.6910796
Александровск,Пермский,край,Приволжский,0,15022,UTC+5,59.1613221,57.5763459
Березники,Пермский,край,Приволжский,0,156350,UTC+5,59.4079923,56.8039427
Верещагино,Пермский,край,Приволжский,1,22760,UTC+5,58.0797571,54.6581309
Горнозаводск,Пермский,край,Приволжский,1,12334,UTC+5,58.3742532,58.3231716
Гремячинск,Пермский,край,Приволжский,0,11005,UTC+5,58.5626082,57.8520572
Губаха,Пермский,край,Приволжский,0,27544,UTC+5,58.8371721,57.554533
Добрянка,Пермский,край,Приволжский,0,35720,UTC+5,58.469685,56.4130737
Кизел,Пермский,край,Приволжский,0,20277,UTC+5,59.0512783,57.6471028
Красновишерск,Пермский,край,Приволжский,1,17129,UTC+5,60.3901321,57.0535682
Краснокамск,Пермский,край,Приволжский,0,52632,UTC+5,58.0822065,55.7479936
Кудымкар,Пермский,край,Приволжский,0,30711,UTC+5,59.0167925,54.6572508
Кунгур,Пермский,край,Приволжский,0,67857,UTC+5,57.4283296,56.9438656
Лысьва,Пермский,край,Приволжский,0,67712,UTC+5,58.0995875,57.8086825
Нытва,Пермский,край,Приволжский,1,19041,UTC+5,57.9336725,55.3356084
Оса,Пермский,край,Приволжский,1,22420,UTC+5,57.2889515,55.4688668
Оханск,Пермский,край,Приволжский,1,7597,UTC+5,57.7180034,55.3872469
Очер,Пермский,край,Приволжский,1,15003,UTC+5,57.8852686,54.7161091
Пермь,Пермский,край,Приволжский,2,1000679,UTC+5,58.0102583,56.2342034
Соликамск,Пермский,край,Приволжский,0,97239,UTC+5,59.6482998,56.771009
Усолье,Пермский,край,Приволжский,1,5694,UTC+5,59.4277573,56.6837872
Чайковский,Пермский,край,Приволжский,0,82933,UTC+5,56.7781501,54.1477965
Чердынь,Пермский,край,Приволжский,1,4920,UTC+5,60.4011933,56.4799933
Чермоз,Пермский,край,Приволжский,0,4017,UTC+5,58.7842834,56.1507138
Чернушка,Пермский,край,Приволжский,1,33275,UTC+5,56.5160768,56.0763049
Чусовой,Пермский,край,Приволжский,0,46740,UTC+5,58.2974596,57.8193615
Арсеньев,Приморский,край,Дальневосточный,0,56742,UTC+10,44.1622031,133.2696209
Артем,Приморский,край,Дальневосточный,0,102636,UTC+10,43.3501675,132.1596175
Большой Камень,Приморский,край,Дальневосточный,0,39257,UTC+10,43.1111742,132.3480082
Владивосток,Приморский,край,Дальневосточный,2,592069,UTC+10,43.1164904,131.8823937
Дальнегорск,Приморский,край,Дальневосточный,0,37503,UTC+10,44.5539457,135.5662716
Дальнереченск,Приморский,край,Дальневосточный,0,27601,UTC+10,45.9308483,133.7316907
Лесозаводск,Приморский,край,Дальневосточный,0,36975,UTC+10,45.4780092,133.4186199
Находка,Приморский,край,Дальневосточный,0,159695,UTC+10,42.8239372,132.8927361
Партизанск,Приморский,край,Дальневосточный,0,38648,UTC+10,43.1280578,133.1264567
Спасск-Дальний,Приморский,край,Дальневосточный,0,44166,UTC+10,44.5901175,132.8157288
Уссурийск,Приморский,край,Дальневосточный,0,157946,UTC+10,43.7971818,131.9518229
Фокино,Приморский,край,Дальневосточный,0,23683,UTC+10,42.9706317,132.4110196
Великие Луки,Псковская,обл,Северо-Западный,0,98778,UTC+3,56.332208,30.5508641
Гдов,Псковская,обл,Северо-Западный,1,4379,UTC+3,58.7432429,27.8264809
Дно,Псковская,обл,Северо-Западный,1,9061,UTC+3,57.826974,29.9629389
Невель,Псковская,обл,Северо-Западный,1,16324,UTC+3,56.0201973,29.9239983
Новоржев,Псковская,обл,Северо-Западный,1,3695,UTC+3,57.029807,29.3433083
Новосокольники,Псковская,обл,Северо-Западный,1,8119,UTC+3,56.3408431,30.1527573
Опочка,Псковская,обл,Северо-Западный,1,11601,UTC+3,56.710725,28.6717519
Остров,Псковская,обл,Северо-Западный,1,21670,UTC+3,57.3451528,28.3437593
Печоры,Псковская,обл,Северо-Западный,1,12308,UTC+3,57.8145817,27.622259
Порхов,Псковская,обл,Северо-Западный,1,10608,UTC+3,57.7765219,29.5436626
Псков,Псковская,обл,Северо-Западный,2,203974,UTC+3,57.8194415,28.3317198
Пустошка,Псковская,обл,Северо-Западный,1,4619,UTC+3,56.3374813,29.3668055
Пыталово,Псковская,обл,Северо-Западный,1,5826,UTC+3,57.0637952,27.9236214
Себеж,Псковская,обл,Северо-Западный,1,6375,UTC+3,56.2908554,28.4724326
Азов,Ростовская,обл,Южный,0,82882,UTC+3,47.1121589,39.4232555
Аксай,Ростовская,обл,Южный,1,41984,UTC+3,47.2676314,39.8756872
Батайск,Ростовская,обл,Южный,0,112400,UTC+3,47.1383299,39.7507179
Белая Калитва,Ростовская,обл,Южный,1,43688,UTC+3,48.1769737,40.8033529
Волгодонск,Ростовская,обл,Южный,0,170621,UTC+3,47.5165338,42.1984951
Гуково,Ростовская,обл,Южный,0,67268,UTC+3,48.0448904,39.9484672
Донецк,Ростовская,обл,Южный,0,50085,UTC+3,48.3350706,39.945891
Зверево,Ростовская,обл,Южный,0,22416,UTC+3,48.0435487,40.1265822
Зерноград,Ростовская,обл,Южный,1,26850,UTC+3,46.8495958,40.312837
Каменск-Шахтинский,Ростовская,обл,Южный,0,95306,UTC+3,48.3205326,40.2689583
Константиновск,Ростовская,обл,Южный,1,17926,UTC+3,47.5773717,41.0967445
Красный Сулин,Ростовская,обл,Южный,1,40866,UTC+3,47.8831311,40.0781298
Миллерово,Ростовская,обл,Южный,1,36493,UTC+3,48.9260077,40.3984087
Морозовск,Ростовская,обл,Южный,1,27644,UTC+3,48.3511807,41.8309225
Новочеркасск,Ростовская,обл,Южный,0,169039,UTC+3,47.411919,40.1042098
Новошахтинск,Ростовская,обл,Южный,0,111087,UTC+3,47.757773,39.9363697
Пролетарск,Ростовская,обл,Южный,1,20267,UTC+3,46.7038963,41.727594
Ростов-на-Дону,Ростовская,обл,Южный,2,1091544,UTC+3,47.2224566,39.718803
Сальск,Ростовская,обл,Южный,1,61312,UTC+3,46.4752095,41.5410415
Семикаракорск,Ростовская,обл,Южный,1,23884,UTC+3,47.5177337,40.8114167
Таганрог,Ростовская,обл,Южный,0,257692,UTC+3,47.2094917,38.9350989
Цимлянск,Ростовская,обл,Южный,1,15029,UTC+3,47.6477448,42.0931505
Шахты,Ростовская,обл,Южный,0,240152,UTC+3,47.7085287,40.2159846
Касимов,Рязанская,обл,Центральный,1,33494,UTC+3,54.9373475,41.3913211
Кораблино,Рязанская,обл,Центральный,1,12657,UTC+3,53.9246659,40.0227745
Михайлов,Рязанская,обл,Центральный,1,11783,UTC+3,54.2297402,39.0091481
Новомичуринск,Рязанская,обл,Центральный,0,19309,UTC+3,54.0376572,39.74654
Рыбное,Рязанская,обл,Центральный,1,18378,UTC+3,54.7256164,39.5134398
Ряжск,Рязанская,обл,Центральный,1,21676,UTC+3,53.7067584,40.0522274
Рязань,Рязанская,обл,Центральный,2,525062,UTC+3,54.6254445,39.7358609
Сасово,Рязанская,обл,Центральный,0,28117,UTC+3,54.3508885,41.9117422
Скопин,Рязанская,обл,Центральный,1,30374,UTC+3,53.823543,39.5492421
Спас-Клепики,Рязанская,обл,Центральный,1,5917,UTC+3,55.1291721,40.1745338
Спасск-Рязанский,Рязанская,обл,Центральный,1,7745,UTC+3,54.4070719,40.3763426
Шацк,Рязанская,обл,Центральный,1,6562,UTC+3,54.0287312,41.7181803
Жигулевск,Самарская,обл,Приволжский,0,57565,UTC+4,53.4011981,49.4945176
Кинель,Самарская,обл,Приволжский,0,34472,UTC+4,53.2210298,50.6343776
Нефтегорск,Самарская,обл,Приволжский,1,18732,UTC+4,52.7972914,51.1637392
Новокуйбышевск,Самарская,обл,Приволжский,0,108449,UTC+4,53.0994565,49.9477382
Октябрьск,Самарская,обл,Приволжский,0,27244,UTC+4,53.1640488,48.670762
Отрадный,Самарская,обл,Приволжский,0,47709,UTC+4,53.3800848,51.3438605
Похвистнево,Самарская,обл,Приволжский,0,28181,UTC+4,53.6498299,52.1235156
Самара,Самарская,обл,Приволжский,2,1164900,UTC+4,53.1950306,50.1069518
Сызрань,Самарская,обл,Приволжский,0,178773,UTC+4,53.1558674,48.4744629
Тольятти,Самарская,обл,Приволжский,0,719484,UTC+4,53.5205348,49.3894028
Чапаевск,Самарская,обл,Приволжский,0,72689,UTC+4,52.928961,49.8673269
,Санкт-Петербург,г,Северо-Западный,0,4848742,UTC+3,59.9391313,30.3159004
Аркадак,Саратовская,обл,Приволжский,1,12846,UTC+4,51.938831,43.4999221
Аткарск,Саратовская,обл,Приволжский,0,25620,UTC+4,51.8736062,45.0003247
Балаково,Саратовская,обл,Приволжский,0,199576,UTC+4,52.0224231,47.7827765
Балашов,Саратовская,обл,Приволжский,0,82222,UTC+4,51.5388697,43.1839757
Вольск,Саратовская,обл,Приволжский,0,66520,UTC+4,52.0459865,47.3873595
Ершов,Саратовская,обл,Приволжский,1,21447,UTC+4,51.3508505,48.2762226
Калининск,Саратовская,обл,Приволжский,1,16442,UTC+4,51.4993591,44.4710435
Красноармейск,Саратовская,обл,Приволжский,0,24362,UTC+4,51.023541,45.695044
Красный Кут,Саратовская,обл,Приволжский,1,14420,UTC+4,50.9598317,46.9712016
Маркс,Саратовская,обл,Приволжский,0,31535,UTC+4,51.7133337,46.7400339
Новоузенск,Саратовская,обл,Приволжский,1,17015,UTC+4,50.455199,48.1413153
Петровск,Саратовская,обл,Приволжский,1,31158,UTC+4,52.3094237,45.3851877
Пугачев,Саратовская,обл,Приволжский,1,41705,UTC+4,52.0159921,48.7972223
Ртищево,Саратовская,обл,Приволжский,0,41295,UTC+4,52.2616271,43.7842248
Саратов,Саратовская,обл,Приволжский,2,836900,UTC+4,51.533557,46.034257
Хвалынск,Саратовская,обл,Приволжский,0,13199,UTC+4,52.4951572,48.1045771
Шиханы,Саратовская,обл,Приволжский,0,6067,UTC+4,52.1147391,47.2023118
Энгельс,Саратовская,обл,Приволжский,0,202838,UTC+4,51.4854003,46.126722
Александровск-Сахалинский,Сахалинская,обл,Дальневосточный,1,10613,UTC+11,50.8974378,142.1578559
Анива,Сахалинская,обл,Дальневосточный,1,8449,UTC+11,46.713152,142.5265804
Долинск,Сахалинская,обл,Дальневосточный,1,12200,UTC+11,47.3255783,142.7945071
Корсаков,Сахалинская,обл,Дальневосточный,1,33526,UTC+11,46.6324545,142.799445
Курильск,Сахалинская,обл,Дальневосточный,1,2070,UTC+11,45.2270954,147.8796323
Макаров,Сахалинская,обл,Дальневосточный,1,6788,UTC+11,48.6236334,142.7803205
Невельск,Сахалинская,обл,Дальневосточный,1,11682,UTC+11,46.6526899,141.8630725
Оха,Сахалинская,обл,Дальневосточный,1,23007,UTC+11,53.5867839,142.9412411
Поронайск,Сахалинская,обл,Дальневосточный,1,16461,UTC+11,49.238866,143.1008333
Северо-Курильск,Сахалинская,обл,Дальневосточный,1,2381,UTC+11,50.6730577,156.1282211
Томари,Сахалинская,обл,Дальневосточный,1,4537,UTC+11,47.7620108,142.0615837
Углегорск,Сахалинская,обл,Дальневосточный,1,11880,UTC+11,49.0815774,142.0692639
Холмск,Сахалинская,обл,Дальневосточный,1,30936,UTC+11,47.0408423,142.041688
Южно-Сахалинск,Сахалинская,обл,Дальневосточный,2,181727,UTC+11,46.9591631,142.737976
Алапаевск,Свердловская,обл,Уральский,0,38198,UTC+5,57.8475571,61.6693817
Арамиль,Свердловская,обл,Уральский,0,14227,UTC+5,56.694632,60.8343125
Артемовский,Свердловская,обл,Уральский,1,32878,UTC+5,57.3384177,61.8947443
Асбест,Свердловская,обл,Уральский,0,70067,UTC+5,57.0052277,61.4581156
Березовский,Свердловская,обл,Уральский,0,51583,UTC+5,56.9095924,60.8180907
Богданович,Свердловская,обл,Уральский,0,31752,UTC+5,56.7764795,62.0463679
Верхний Тагил,Свердловская,обл,Уральский,0,11843,UTC+5,57.3763758,59.9517653
Верхняя Пышма,Свердловская,обл,Уральский,0,58707,UTC+5,56.9758903,60.5650383
Верхняя Салда,Свердловская,обл,Уральский,0,46240,UTC+5,58.0465803,60.5560164
Верхняя Тура,Свердловская,обл,Уральский,0,9468,UTC+5,58.3643685,59.8265235
Верхотурье,Свердловская,обл,Уральский,1,8815,UTC+5,58.8622073,60.8103945
Волчанск,Свердловская,обл,Уральский,0,10008,UTC+5,59.9351707,60.0798618
Дегтярск,Свердловская,обл,Уральский,0,15521,UTC+5,56.7048206,60.079138
Екатеринбург,Свердловская,обл,Уральский,2,1377738,UTC+5,56.8385216,60.6054911
Заречный,Свердловская,обл,Уральский,0,26803,UTC+5,56.8102931,61.3380029
Ивдель,Свердловская,обл,Уральский,0,17764,UTC+5,60.6944496,60.4245069
Ирбит,Свердловская,обл,Уральский,0,38352,UTC+5,57.6838362,63.057675
Каменск-Уральский,Свердловская,обл,Уральский,0,174710,UTC+5,56.414962,61.9188674
Камышлов,Свердловская,обл,Уральский,0,26875,UTC+5,56.8465034,62.7119766
Карпинск,Свердловская,обл,Уральский,0,29118,UTC+5,59.7665925,60.0011703
Качканар,Свердловская,обл,Уральский,0,42563,UTC+5,58.7051762,59.4839155
Кировград,Свердловская,обл,Уральский,0,21959,UTC+5,57.4299433,60.0624051
Краснотурьинск,Свердловская,обл,Уральский,0,59701,UTC+5,59.7636635,60.1934525
Красноуральск,Свердловская,обл,Уральский,0,24973,UTC+5,58.348651,60.0408764
Красноуфимск,Свердловская,обл,Уральский,0,39765,UTC+5,56.612387,57.7636637
Кушва,Свердловская,обл,Уральский,0,33027,UTC+5,58.2826013,59.7645766
Лесной,Свердловская,обл,Уральский,0,52464,UTC+5,58.6348516,59.7981565
Михайловск,Свердловская,обл,Уральский,0,9215,UTC+5,56.4370039,59.1137316
Невьянск,Свердловская,обл,Уральский,1,25147,UTC+5,57.49131,60.2183429
Нижние Серги,Свердловская,обл,Уральский,1,11217,UTC+5,56.6544959,59.2953035
Нижний Тагил,Свердловская,обл,Уральский,0,361883,UTC+5,57.910126,59.9812853
Нижняя Салда,Свердловская,обл,Уральский,0,17969,UTC+5,58.0748272,60.7025418
Нижняя Тура,Свердловская,обл,Уральский,0,21596,UTC+5,58.6309267,59.8520344
Новая Ляля,Свердловская,обл,Уральский,1,12400,UTC+5,59.0538977,60.5944825
Новоуральск,Свердловская,обл,Уральский,0,91813,UTC+5,57.2472567,60.0956714
Первоуральск,Свердловская,обл,Уральский,0,149800,UTC+5,56.9080085,59.942926
Полевской,Свердловская,обл,Уральский,0,64316,UTC+5,56.4956952,60.2365298
Ревда,Свердловская,обл,Уральский,0,61713,UTC+5,56.7986319,59.9071591
Реж,Свердловская,обл,Уральский,1,38709,UTC+5,57.3717477,61.3833842
Североуральск,Свердловская,обл,Уральский,0,29279,UTC+5,60.1533109,59.9525245
Серов,Свердловская,обл,Уральский,0,99381,UTC+5,59.6047724,60.5753882
Среднеуральск,Свердловская,обл,Уральский,0,20357,UTC+5,56.9918901,60.4771018
Сухой Лог,Свердловская,обл,Уральский,0,34836,UTC+5,56.9076193,62.0358093
Сысерть,Свердловская,обл,Уральский,1,20594,UTC+5,56.5005715,60.8190003
Тавда,Свердловская,обл,Уральский,0,35421,UTC+5,58.0434672,65.274217
Талица,Свердловская,обл,Уральский,1,18339,UTC+5,57.0122687,63.7320757
Туринск,Свердловская,обл,Уральский,1,17990,UTC+5,58.0393524,63.6981973
,Севастополь,г,Южный,0,393304,UTC+3,44.6167013,33.525355
Алагир,Северная Осетия - Алания,Респ,Северо-Кавказский,1,20949,UTC+3,43.0417684,44.2199715
Ардон,Северная Осетия - Алания,Респ,Северо-Кавказский,1,18774,UTC+3,43.1755152,44.2955775
Беслан,Северная Осетия - Алания,Респ,Северо-Кавказский,1,36724,UTC+3,43.1937529,44.5338707
Владикавказ,Северная Осетия - Алания,Респ,Северо-Кавказский,2,311635,UTC+3,43.020588,44.6819182
Дигора,Северная Осетия - Алания,Респ,Северо-Кавказский,1,10856,UTC+3,43.1567628,44.1549483
Моздок,Северная Осетия - Алания,Респ,Северо-Кавказский,1,38748,UTC+3,43.7471342,44.6569607
Велиж,Смоленская,обл,Центральный,1,7620,UTC+3,55.6057916,31.1856206
Вязьма,Смоленская,обл,Центральный,1,57103,UTC+3,55.2116983,34.2951663
Гагарин,Смоленская,обл,Центральный,1,31721,UTC+3,55.5525228,34.9950502
Демидов,Смоленская,обл,Центральный,1,7333,UTC+3,55.2682105,31.5062809
Десногорск,Смоленская,обл,Центральный,0,29677,UTC+3,54.146457,33.2833222
Дорогобуж,Смоленская,обл,Центральный,1,10720,UTC+3,54.9136959,33.3023162
Духовщина,Смоленская,обл,Центральный,1,4370,UTC+3,55.1950257,32.401252
Ельня,Смоленская,обл,Центральный,1,10095,UTC+3,54.5837795,33.1749867
Починок,Смоленская,обл,Центральный,1,8776,UTC+3,54.406244,32.4398039
Рославль,Смоленская,обл,Центральный,1,54898,UTC+3,53.9449558,32.8480258
Рудня,Смоленская,обл,Центральный,1,10029,UTC+3,54.9441093,31.0794806
Сафоново,Смоленская,обл,Центральный,1,46116,UTC+3,55.1199661,33.2336988
Смоленск,Смоленская,обл,Центральный,2,326863,UTC+3,54.782635,32.045251
Сычевка,Смоленская,обл,Центральный,1,8111,UTC+3,55.8308821,34.2778793
Ярцево,Смоленская,обл,Центральный,1,47853,UTC+3,55.0564732,32.6902302
Благодарный,Ставропольский,край,Северо-Кавказский,1,32736,UTC+3,45.0989782,43.4306455
Буденновск,Ставропольский,край,Северо-Кавказский,1,64628,UTC+3,44.7816067,44.1650339
Георгиевск,Ставропольский,край,Северо-Кавказский,0,72126,UTC+3,44.1485694,43.4739851
Ессентуки,Ставропольский,край,Северо-Кавказский,0,100969,UTC+3,44.0446186,42.8588653
Железноводск,Ставропольский,край,Северо-Кавказский,0,24496,UTC+3,44.1320568,43.0306461
Зеленокумск,Ставропольский,край,Северо-Кавказский,1,35790,UTC+3,44.4032668,43.8841877
Изобильный,Ставропольский,край,Северо-Кавказский,1,40546,UTC+3,45.3684296,41.708702
Ипатово,Ставропольский,край,Северо-Кавказский,1,26055,UTC+3,45.7181751,42.8970206
Кисловодск,Ставропольский,край,Северо-Кавказский,0,128502,UTC+3,43.9052044,42.7168721
Лермонтов,Ставропольский,край,Северо-Кавказский,0,22540,UTC+3,44.1054107,42.973135
Минеральные Воды,Ставропольский,край,Северо-Кавказский,1,76715,UTC+3,44.2087273,43.138408
Михайловск,Ставропольский,край,Северо-Кавказский,1,71018,UTC+3,45.1297323,42.0288443
Невинномысск,Ставропольский,край,Северо-Кавказский,0,118351,UTC+3,44.6226031,41.9476723
Нефтекумск,Ставропольский,край,Северо-Кавказский,1,27700,UTC+3,44.7544552,44.9865347
Новоалександровск,Ставропольский,край,Северо-Кавказский,1,26759,UTC+3,45.4932733,41.2153996
Новопавловск,Ставропольский,край,Северо-Кавказский,1,26556,UTC+3,43.9617097,43.6342865
Пятигорск,Ставропольский,край,Северо-Кавказский,0,142397,UTC+3,44.041091,43.0661553
Светлоград,Ставропольский,край,Северо-Кавказский,1,38520,UTC+3,45.328659,42.8565714
Ставрополь,Ставропольский,край,Северо-Кавказский,2,398266,UTC+3,45.044516,41.9689655
Жердевка,Тамбовская,обл,Центральный,1,15211,UTC+3,51.8422192,41.4617687
Кирсанов,Тамбовская,обл,Центральный,0,17240,UTC+3,52.6506335,42.7286445
Котовск,Тамбовская,обл,Центральный,0,31851,UTC+3,52.5924489,41.5101237
Мичуринск,Тамбовская,обл,Центральный,1,98758,UTC+3,52.8912389,40.5104443
Моршанск,Тамбовская,обл,Центральный,0,41550,UTC+3,53.4436216,41.8115478
Рассказово,Тамбовская,обл,Центральный,0,45484,UTC+3,52.6538833,41.874285
Тамбов,Тамбовская,обл,Центральный,2,280457,UTC+3,52.7213154,41.452264
Уварово,Тамбовская,обл,Центральный,0,26829,UTC+3,51.9767841,42.2529799
Агрыз,Татарстан,Респ,Приволжский,1,19299,UTC+3,56.5232864,52.9943775
Азнакаево,Татарстан,Респ,Приволжский,1,34859,UTC+3,54.8598642,53.0745527
Альметьевск,Татарстан,Респ,Приволжский,1,146309,UTC+3,54.9014619,52.2970467
Арск,Татарстан,Респ,Приволжский,1,18114,UTC+3,56.0912567,49.877067
Бавлы,Татарстан,Респ,Приволжский,1,22109,UTC+3,54.4062891,53.2458065
Болгар,Татарстан,Респ,Приволжский,1,8650,UTC+3,54.974891,49.0303882
Бугульма,Татарстан,Респ,Приволжский,1,89144,UTC+3,54.5363495,52.7895849
Буинск,Татарстан,Респ,Приволжский,1,20342,UTC+3,54.9641538,48.2901209
Елабуга,Татарстан,Респ,Приволжский,1,70750,UTC+3,55.7567107,52.0543794
Заинск,Татарстан,Респ,Приволжский,1,41798,UTC+3,55.299053,52.0062972
Зеленодольск,Татарстан,Респ,Приволжский,1,97651,UTC+3,55.8466651,48.5010954
Иннополис,Татарстан,Респ,Приволжский,0,96,UTC+3,55.7521699,48.7446846
Казань,Татарстан,Респ,Приволжский,2,1216965,UTC+3,55.7943584,49.1114975
Кукмор,Татарстан,Респ,Приволжский,1,17700,UTC+3,56.1861392,50.8970238
Лаишево,Татарстан,Респ,Приволжский,1,7735,UTC+3,55.4042867,49.5499838
Лениногорск,Татарстан,Респ,Приволжский,1,64145,UTC+3,54.5967034,52.4431906
Мамадыш,Татарстан,Респ,Приволжский,1,14432,UTC+3,55.7150413,51.4129016
Менделеевск,Татарстан,Респ,Приволжский,1,22075,UTC+3,55.895169,52.3143347
Мензелинск,Татарстан,Респ,Приволжский,1,16474,UTC+3,55.7270698,53.1003968
Набережные Челны,Татарстан,Респ,Приволжский,0,513242,UTC+3,55.7434619,52.3959165
Нижнекамск,Татарстан,Респ,Приволжский,1,234108,UTC+3,55.6313609,51.8144669
Нурлат,Татарстан,Респ,Приволжский,1,32600,UTC+3,54.4281461,50.8049337
Тетюши,Татарстан,Респ,Приволжский,1,11596,UTC+3,54.936516,48.8314533
Чистополь,Татарстан,Респ,Приволжский,1,60703,UTC+3,55.3699139,50.6285784
Андреаполь,Тверская,обл,Центральный,1,8265,UTC+3,56.6506724,32.2620163
Бежецк,Тверская,обл,Центральный,1,24517,UTC+3,57.7860089,36.6904983
Белый,Тверская,обл,Центральный,1,3771,UTC+3,55.8339056,32.9389741
Бологое,Тверская,обл,Центральный,1,23499,UTC+3,57.8855767,34.0537771
Весьегонск,Тверская,обл,Центральный,1,7330,UTC+3,58.6582598,37.2567558
Вышний Волочек,Тверская,обл,Центральный,0,52326,UTC+3,57.568302,34.5404016
Западная Двина,Тверская,обл,Центральный,1,9376,UTC+3,56.2566492,32.0805315
Зубцов,Тверская,обл,Центральный,1,6937,UTC+3,56.1760868,34.5825515
Калязин,Тверская,обл,Центральный,1,13870,UTC+3,57.2579478,37.7819693
Кашин,Тверская,обл,Центральный,1,16174,UTC+3,57.360194,37.6119436
Кимры,Тверская,обл,Центральный,0,49623,UTC+3,56.8733213,37.3556605
Конаково,Тверская,обл,Центральный,1,41303,UTC+3,56.7275204,36.8012716
Красный Холм,Тверская,обл,Центральный,1,5608,UTC+3,58.0571446,37.1126156
Кувшиново,Тверская,обл,Центральный,1,10008,UTC+3,57.0265168,34.1676009
Лихославль,Тверская,обл,Центральный,1,12259,UTC+3,57.1221304,35.4667605
Нелидово,Тверская,обл,Центральный,1,22886,UTC+3,56.2232566,32.7767459
Осташков,Тверская,обл,Центральный,1,18073,UTC+3,57.1456744,33.1115372
Ржев,Тверская,обл,Центральный,0,62026,UTC+3,56.262881,34.3291002
Старица,Тверская,обл,Центральный,1,8610,UTC+3,56.514876,34.9336396
Тверь,Тверская,обл,Центральный,2,403726,UTC+3,56.8586059,35.9116761
Торжок,Тверская,обл,Центральный,0,47702,UTC+3,57.04133,34.9602344
Торопец,Тверская,обл,Центральный,1,13018,UTC+3,56.5012188,31.6355466
Удомля,Тверская,обл,Центральный,1,31048,UTC+3,57.8787314,35.0167348
Асино,Томская,обл,Сибирский,1,25614,UTC+7,56.9907085,86.1765257
Кедровый,Томская,обл,Сибирский,0,2451,UTC+7,57.561869,79.5677821
Колпашево,Томская,обл,Сибирский,1,24126,UTC+7,58.3114253,82.9025829
Северск,Томская,обл,Сибирский,0,108466,UTC+7,56.6031285,84.8809926
Стрежевой,Томская,обл,Сибирский,0,42216,UTC+7,60.732895,77.604122
Томск,Томская,обл,Сибирский,2,522940,UTC+7,56.4845804,84.9481582
Алексин,Тульская,обл,Центральный,1,61738,UTC+3,54.5083349,37.0478067
Белев,Тульская,обл,Центральный,1,13918,UTC+3,53.8114179,36.1382247
Богородицк,Тульская,обл,Центральный,1,31897,UTC+3,53.7701014,38.1225152
Болохово,Тульская,обл,Центральный,0,9619,UTC+3,54.0820349,37.826724
Венев,Тульская,обл,Центральный,1,15220,UTC+3,54.3542315,38.2642236
Донской,Тульская,обл,Центральный,0,64561,UTC+3,53.9678944,38.3371824
Ефремов,Тульская,обл,Центральный,1,42350,UTC+3,53.1464766,38.0921657
Кимовск,Тульская,обл,Центральный,1,28493,UTC+3,53.9698378,38.5380808
Киреевск,Тульская,обл,Центральный,1,25585,UTC+3,53.9319555,37.9220351
Липки,Тульская,обл,Центральный,0,8741,UTC+3,53.9417551,37.7020148
Новомосковск,Тульская,обл,Центральный,1,131227,UTC+3,54.0109075,38.2914024
Плавск,Тульская,обл,Центральный,1,16248,UTC+3,53.7096415,37.2862352
Советск,Тульская,обл,Центральный,0,7537,UTC+3,53.9338874,37.6316141
Суворов,Тульская,обл,Центральный,1,18975,UTC+3,54.1343585,36.4807419
Тула,Тульская,обл,Центральный,2,501129,UTC+3,54.1920559,37.6153842
Узловая,Тульская,обл,Центральный,1,55282,UTC+3,53.9730452,38.1763201
Чекалин,Тульская,обл,Центральный,0,994,UTC+3,54.0984438,36.2474142
Щекино,Тульская,обл,Центральный,1,58154,UTC+3,54.0020652,37.5176288
Ясногорск,Тульская,обл,Центральный,1,16804,UTC+3,54.4795484,37.6896048
Ак-Довурак,Тыва,Респ,Сибирский,0,13469,UTC+7,51.178452,90.5985129
Кызыл,Тыва,Респ,Сибирский,2,109906,UTC+7,51.7191047,94.4376882
Туран,Тыва,Респ,Сибирский,1,4988,UTC+7,52.1449619,93.9173396
Чадан,Тыва,Респ,Сибирский,1,9037,UTC+7,51.2844502,91.5788609
Шагонар,Тыва,Респ,Сибирский,1,10958,UTC+7,51.5346393,92.9199675
Заводоуковск,Тюменская,обл,Уральский,1,25657,UTC+5,56.5027463,66.5513613
Ишим,Тюменская,обл,Уральский,1,69567,UTC+5,56.1104858,69.4795776
Тобольск,Тюменская,обл,Уральский,0,99698,UTC+5,58.2017299,68.2538558
Тюмень,Тюменская,обл,Уральский,2,581758,UTC+5,57.1529744,65.5344099
Ялуторовск,Тюменская,обл,Уральский,1,36494,UTC+5,56.6547289,66.3122992
Воткинск,Удмуртская,Респ,Приволжский,0,100034,UTC+4,57.0518149,53.9873096
Глазов,Удмуртская,Респ,Приволжский,0,95835,UTC+4,58.1359233,52.6635038
Ижевск,Удмуртская,Респ,Приволжский,2,628117,UTC+4,56.852738,53.2114896
Камбарка,Удмуртская,Респ,Приволжский,1,11028,UTC+4,56.2659916,54.193374
Можга,Удмуртская,Респ,Приволжский,0,47959,UTC+4,56.4427774,52.2137886
Сарапул,Удмуртская,Респ,Приволжский,0,101390,UTC+4,56.4615767,53.8037657
Барыш,Ульяновская,обл,Приволжский,0,17149,UTC+4,53.6533992,47.1181134
Димитровград,Ульяновская,обл,Приволжский,0,122549,UTC+4,54.2167926,49.6262585
Инза,Ульяновская,обл,Приволжский,1,18547,UTC+4,53.8549647,46.3533459
Новоульяновск,Ульяновская,обл,Приволжский,0,16032,UTC+4,54.1447956,48.3910789
Сенгилей,Ульяновская,обл,Приволжский,1,6959,UTC+4,53.958964,48.7768269
Ульяновск,Ульяновская,обл,Приволжский,2,613793,UTC+4,54.3079415,48.3748487
Амурск,Хабаровский,край,Дальневосточный,0,42977,UTC+10,50.2344147,136.8792444
Бикин,Хабаровский,край,Дальневосточный,0,17156,UTC+10,46.8185743,134.2550718
Вяземский,Хабаровский,край,Дальневосточный,1,14556,UTC+10,47.5353379,134.7553856
Комсомольск-на-Амуре,Хабаровский,край,Дальневосточный,0,263906,UTC+10,50.5498936,137.0079408
Николаевск-на-Амуре,Хабаровский,край,Дальневосточный,0,22773,UTC+10,53.1460657,140.7111367
Советская Гавань,Хабаровский,край,Дальневосточный,0,27712,UTC+10,48.9664966,140.285174
Хабаровск,Хабаровский,край,Дальневосточный,2,577668,UTC+10,48.4647258,135.0598942
Абаза,Хакасия,Респ,Сибирский,0,17111,UTC+7,52.6516647,90.0885686
Абакан,Хакасия,Респ,Сибирский,2,165183,UTC+7,53.7223325,91.4436721
Саяногорск,Хакасия,Респ,Сибирский,0,49889,UTC+7,53.1008083,91.4122454
Сорск,Хакасия,Респ,Сибирский,0,12140,UTC+7,54.0002888,90.2594446
Черногорск,Хакасия,Респ,Сибирский,0,72117,UTC+7,53.8259342,91.3260229
Белоярский,Ханты-Мансийский Автономный округ - Югра,АО,Уральский,0,20283,UTC+5,63.7121099,66.6772226
Когалым,Ханты-Мансийский Автономный округ - Югра,АО,Уральский,0,58192,UTC+5,62.2639527,74.4829794
Лангепас,Ханты-Мансийский Автономный округ - Югра,АО,Уральский,0,41675,UTC+5,61.2536939,75.1807763
Лянтор,Ханты-Мансийский Автономный округ - Югра,АО,Уральский,0,38922,UTC+5,61.6392863,72.179409
Мегион,Ханты-Мансийский Автономный округ - Югра,АО,Уральский,0,49471,UTC+5,61.0318712,76.1025878
Нефтеюганск,Ханты-Мансийский Автономный округ - Югра,АО,Уральский,0,123276,UTC+5,61.0882676,72.6164079
Нижневартовск,Ханты-Мансийский Автономный округ - Югра,АО,Уральский,0,251860,UTC+5,60.9396698,76.5696184
Нягань,Ханты-Мансийский Автономный округ - Югра,АО,Уральский,0,54903,UTC+5,62.1454701,65.3946047
Покачи,Ханты-Мансийский Автономный округ - Югра,АО,Уральский,0,17053,UTC+5,61.7422169,75.5941517
Пыть-Ях,Ханты-Мансийский Автономный округ - Югра,АО,Уральский,0,41453,UTC+5,60.7585833,72.8365617
Радужный,Ханты-Мансийский Автономный округ - Югра,АО,Уральский,0,43394,UTC+5,62.1342888,77.4584094
Советский,Ханты-Мансийский Автономный округ - Югра,АО,Уральский,1,26434,UTC+5,61.3706913,63.5667222
Сургут,Ханты-Мансийский Автономный округ - Югра,АО,Уральский,0,306703,UTC+5,61.2541083,73.3961587
Урай,Ханты-Мансийский Автономный округ - Югра,АО,Уральский,0,39435,UTC+5,60.1296954,64.8038508
Ханты-Мансийск,Ханты-Мансийский Автономный округ - Югра,АО,Уральский,2,79410,UTC+5,61.0023984,69.0184798
Югорск,Ханты-Мансийский Автономный округ - Югра,АО,Уральский,0,34066,UTC+5,61.3123568,63.3365484
Аша,Челябинская,обл,Уральский,1,31916,UTC+5,54.9906527,57.2783953
Бакал,Челябинская,обл,Уральский,0,20953,UTC+5,54.9406399,58.8051698
Верхнеуральск,Челябинская,обл,Уральский,1,9459,UTC+5,53.8760961,59.2169852
Верхний Уфалей,Челябинская,обл,Уральский,0,30504,UTC+5,56.0487158,60.2318886
Еманжелинск,Челябинская,обл,Уральский,1,30218,UTC+5,54.7554548,61.3243477
Златоуст,Челябинская,обл,Уральский,0,174985,UTC+5,55.1714905,59.6725549
Карабаш,Челябинская,обл,Уральский,0,13151,UTC+5,55.4852323,60.2358881
Карталы,Челябинская,обл,Уральский,1,29136,UTC+5,53.0536197,60.6478408
Касли,Челябинская,обл,Уральский,1,16998,UTC+5,55.8868784,60.7421663
Катав-Ивановск,Челябинская,обл,Уральский,1,17640,UTC+5,54.7521438,58.1983648
Копейск,Челябинская,обл,Уральский,0,137604,UTC+5,55.116665,61.6179185
Коркино,Челябинская,обл,Уральский,1,38950,UTC+5,54.8903147,61.4034576
Куса,Челябинская,обл,Уральский,1,18792,UTC+5,55.3386053,59.4385778
Кыштым,Челябинская,обл,Уральский,0,38950,UTC+5,55.7061276,60.5563781
Магнитогорск,Челябинская,обл,Уральский,0,408401,UTC+5,53.4072153,58.9791437
Миасс,Челябинская,обл,Уральский,0,151812,UTC+5,55.0456457,60.1077572
Миньяр,Челябинская,обл,Уральский,0,10195,UTC+5,55.0709557,57.548478
Нязепетровск,Челябинская,обл,Уральский,1,12452,UTC+5,56.0536895,59.6097202
Озерск,Челябинская,обл,Уральский,0,82268,UTC+5,55.763154,60.7076198
Пласт,Челябинская,обл,Уральский,1,17344,UTC+5,54.3692764,60.8151894
Сатка,Челябинская,обл,Уральский,1,45465,UTC+5,55.0405288,59.0288975
Сим,Челябинская,обл,Уральский,0,14465,UTC+5,54.9907827,57.6900155
Снежинск,Челябинская,обл,Уральский,0,48896,UTC+5,56.0851495,60.7324914
Трехгорный,Челябинская,обл,Уральский,0,33678,UTC+5,54.8178249,58.4464194
Троицк,Челябинская,обл,Уральский,0,78637,UTC+5,54.0843745,61.5586831
Усть-Катав,Челябинская,обл,Уральский,0,23586,UTC+5,54.9260812,58.152805
Чебаркуль,Челябинская,обл,Уральский,0,43405,UTC+5,54.9818567,60.3773121
Челябинск,Челябинская,обл,Уральский,2,1130273,UTC+5,55.1602624,61.4008078
Южноуральск,Челябинская,обл,Уральский,0,37890,UTC+5,54.448927,61.2581158
Юрюзань,Челябинская,обл,Уральский,0,12568,UTC+5,54.854662,58.4226698
Аргун,Чеченская,Респ,Северо-Кавказский,0,29528,UTC+3,43.2916774,45.8723105
Грозный,Чеченская,Респ,Северо-Кавказский,2,271596,UTC+3,43.3180145,45.698291
Гудермес,Чеченская,Респ,Северо-Кавказский,1,45643,UTC+3,43.3519142,46.1035645
Курчалой,Чеченская,Респ,Северо-Кавказский,1,25672,UTC+3,43.2046547,46.0889364
,Чеченская,Респ,Северо-Кавказский,1,49071,UTC+3,43.120175,45.539276
Шали,Чеченская,Респ,Северо-Кавказский,1,47715,UTC+3,43.1488691,45.9009629
Алатырь,Чувашская Республика,Чувашия,Приволжский,0,38202,UTC+3,54.8397989,46.5721997
Канаш,Чувашская Республика,Чувашия,Приволжский,0,45608,UTC+3,55.507,47.4918273
Козловка,Чувашская Республика,Чувашия,Приволжский,1,10355,UTC+3,55.8406025,48.2577735
Мариинский Посад,Чувашская Республика,Чувашия,Приволжский,1,10186,UTC+3,56.111923,47.7142942
Новочебоксарск,Чувашская Республика,Чувашия,Приволжский,0,124094,UTC+3,56.1094977,47.4791113
Цивильск,Чувашская Республика,Чувашия,Приволжский,1,13478,UTC+3,55.8650213,47.4729349
Чебоксары,Чувашская Республика,Чувашия,Приволжский,2,447929,UTC+3,56.1438298,47.2489782
Шумерля,Чувашская Республика,Чувашия,Приволжский,0,33412,UTC+3,55.4962415,46.4182681
Ядрин,Чувашская Республика,Чувашия,Приволжский,1,9614,UTC+3,55.9406974,46.2020896
Анадырь,Чукотский,АО,Дальневосточный,2,13053,UTC+12,64.7313924,177.5015421
Билибино,Чукотский,АО,Дальневосточный,1,5504,UTC+12,68.0584191,166.4388172
Певек,Чукотский,АО,Дальневосточный,1,4161,UTC+12,69.7016661,170.2999022
Алдан,Саха /Якутия/,Респ,Дальневосточный,1,21277,UTC+9,58.6094283,125.3817188
Верхоянск,Саха /Якутия/,Респ,Дальневосточный,0,1311,UTC+10,67.5502451,133.390735
Вилюйск,Саха /Якутия/,Респ,Дальневосточный,1,10233,UTC+9,63.7517616,121.627284
Ленск,Саха /Якутия/,Респ,Дальневосточный,1,24955,UTC+9,60.7276196,114.9548255
Мирный,Саха /Якутия/,Респ,Дальневосточный,1,37179,UTC+9,62.536232,113.9667728
Нерюнгри,Саха /Якутия/,Респ,Дальневосточный,0,61746,UTC+9,56.6599953,124.7202403
Нюрба,Саха /Якутия/,Респ,Дальневосточный,1,10156,UTC+9,63.2828955,118.3242437
Олекминск,Саха /Якутия/,Респ,Дальневосточный,1,9487,UTC+9,60.3758006,120.4060878
Покровск,Саха /Якутия/,Респ,Дальневосточный,1,9495,UTC+9,61.4843503,129.1482392
Среднеколымск,Саха /Якутия/,Респ,Дальневосточный,1,3525,UTC+11,67.4582218,153.7069425
Томмот,Саха /Якутия/,Респ,Дальневосточный,0,8054,UTC+9,58.9586859,126.2875462
Удачный,Саха /Якутия/,Респ,Дальневосточный,0,12611,UTC+9,66.4071765,112.3061555
Якутск,Саха /Якутия/,Респ,Дальневосточный,2,269486,UTC+9,62.0281405,129.7325887
Губкинский,Ямало-Ненецкий,АО,Уральский,0,23340,UTC+5,64.4457594,76.4713274
Лабытнанги,Ямало-Ненецкий,АО,Уральский,0,26948,UTC+5,66.6592841,66.3883009
Муравленко,Ямало-Ненецкий,АО,Уральский,0,33401,UTC+5,63.7940552,74.4948635
Надым,Ямало-Ненецкий,АО,Уральский,0,46550,UTC+5,65.5377966,72.5182736
Новый Уренгой,Ямало-Ненецкий,АО,Уральский,0,104144,UTC+5,66.0839433,76.6809681
Ноябрьск,Ямало-Ненецкий,АО,Уральский,0,110572,UTC+5,63.2018039,75.4510581
Салехард,Ямало-Ненецкий,АО,Уральский,2,42494,UTC+5,66.5492077,66.6085318
Тарко-Сале,Ямало-Ненецкий,АО,Уральский,1,20372,UTC+5,64.9118803,77.7610236
Гаврилов-Ям,Ярославская,обл,Центральный,1,17792,UTC+3,57.3091058,39.8546444
Данилов,Ярославская,обл,Центральный,1,15861,UTC+3,58.1860098,40.1795067
Любим,Ярославская,обл,Центральный,1,5553,UTC+3,58.3620228,40.686841
Мышкин,Ярославская,обл,Центральный,1,5932,UTC+3,57.7881684,38.4544224
Переславль-Залесский,Ярославская,обл,Центральный,0,41923,UTC+3,56.7360544,38.8543617
Пошехонье,Ярославская,обл,Центральный,1,6085,UTC+3,58.5062879,39.1208434
Ростов,Ярославская,обл,Центральный,1,31791,UTC+3,57.2051315,39.4378622
Рыбинск,Ярославская,обл,Центральный,1,200771,UTC+3,58.0485495,38.8584119
Тутаев,Ярославская,обл,Центральный,1,41001,UTC+3,57.8674993,39.5369627
Углич,Ярославская,обл,Центральный,1,34505,UTC+3,57.5224249,38.3020044
Ярославль,Ярославская,обл,Центральный,2,591486,UTC+3,57.6215477,39.8977411
